Mood,DateRaw,type,noteMood,date
Happy,"November 8, 2023 at 06:01PM",mood,,11/9/2023 8:01:00
Nervous,"November 8, 2023 at 06:41PM",mood,,11/9/2023 8:41:00
Nervous,"November 8, 2023 at 06:44PM",mood,,11/9/2023 8:44:00
Nervous,"November 8, 2023 at 06:44PM",mood,,11/9/2023 8:44:00
Happy,"November 8, 2023 at 06:44PM",mood,,11/9/2023 8:44:00
Nervous,"November 8, 2023 at 07:02PM",mood,,11/9/2023 9:02:00
Nervous,"November 8, 2023 at 07:17PM",mood,,11/9/2023 9:17:00
Nervous,"November 8, 2023 at 08:44PM",mood,,11/9/2023 10:44:00
Happy,"November 8, 2023 at 09:16PM",mood,,11/9/2023 11:16:00
Happy,"November 8, 2023 at 11:31PM",mood,,11/9/2023 13:31:00
Nervous,"November 8, 2023 at 11:51PM",mood,,11/9/2023 13:51:00
Nervous,"November 9, 2023 at 12:08AM",mood,,11/9/2023 14:08:00
Happy,"November 9, 2023 at 12:22AM",mood,,11/9/2023 14:22:00
Happy,"November 9, 2023 at 01:52AM",mood,,11/9/2023 15:52:00
Happy,"November 9, 2023 at 02:45AM",mood,,11/9/2023 16:45:00
Nervous,"November 9, 2023 at 02:58AM",mood,,11/9/2023 16:58:00
Nervous,"November 9, 2023 at 03:47AM",mood,,11/9/2023 17:47:00
Happy,"November 9, 2023 at 04:40AM",mood,,11/9/2023 18:40:00
Nervous,"November 9, 2023 at 04:58AM",mood,,11/9/2023 18:58:00
Happy,"November 9, 2023 at 04:58AM",mood,,11/9/2023 18:58:00
Confident,"November 9, 2023 at 04:59AM",goal,,11/9/2023 18:59:00
Happy,"November 9, 2023 at 05:15AM",mood,,11/9/2023 19:15:00
Happy,"November 09, 2023 at 05:20AM",mood,,11/9/2023 19:20:00
Happy,"November 9, 2023 at 06:09PM",mood,,11/10/2023 8:09:00
Confident,"November 9, 2023 at 06:51PM",goal,,11/10/2023 8:51:00
Мотивирующие песни бодрят (сделай что нибудь больше чем просто хайп),"November 09, 2023 at 07:12PM",note,,11/10/2023 9:12:00
Confident,"November 9, 2023 at 07:12PM",goal,,11/10/2023 9:12:00
Confident,"November 9, 2023 at 10:15PM",goal,,11/10/2023 12:15:00
Перепридцмал планирование на работе,"November 09, 2023 at 10:17PM",note,,11/10/2023 12:17:00
Nervous,"November 10, 2023 at 01:12AM",mood,,11/10/2023 15:12:00
Nervous,"November 10, 2023 at 02:09AM",mood,,11/10/2023 16:09:00
Nervous,"November 10, 2023 at 02:42AM",mood,,11/10/2023 16:42:00
Confident,"November 10, 2023 at 03:57AM",goal,,11/10/2023 17:57:00
Happy,"November 10, 2023 at 06:17AM",mood,,11/10/2023 20:17:00
Nervous,"November 10, 2023 at 10:23AM",mood,,11/11/2023 0:23:00
"Нервничаю - посмотрел подкаст с суцкевером. Начал гнобить себя, но осознаю и останавливаю","November 10, 2023 at 10:24AM",note,,11/11/2023 0:24:00
Nervous,"November 10, 2023 at 07:15PM",mood,,11/11/2023 9:15:00
Nervous,"November 10, 2023 at 07:57PM",mood,,11/11/2023 9:57:00
Нервы. Просыпался со скандалом от Т,"November 10, 2023 at 07:57PM",note,,11/11/2023 9:57:00
Nervous,"November 10, 2023 at 09:17PM",mood,,11/11/2023 11:17:00
Nervous,"November 10, 2023 at 09:50PM",mood,,11/11/2023 11:50:00
Confident,"November 10, 2023 at 10:01PM",goal,,11/11/2023 12:01:00
Happy,"November 10, 2023 at 11:17PM",mood,,11/11/2023 13:17:00
Nervous,"November 10, 2023 at 11:26PM",mood,,11/11/2023 13:26:00
Nervous,"November 11, 2023 at 12:03AM",mood,,11/11/2023 14:03:00
"Нервы. Ремонт машины. Задача в которой я чувствую себя неуверенно, но смог себя переубедить","November 11, 2023 at 12:04AM",note,,11/11/2023 14:04:00
Confident,"November 11, 2023 at 01:39AM",goal,,11/11/2023 15:39:00
Happy,"November 11, 2023 at 01:57AM",mood,,11/11/2023 15:57:00
Nervous,"November 11, 2023 at 01:57AM",mood,,11/11/2023 15:57:00
Confident,"November 11, 2023 at 03:47AM",goal,,11/11/2023 17:47:00
Happy,"November 11, 2023 at 03:47AM",mood,,11/11/2023 17:47:00
Nervous,"November 11, 2023 at 07:03AM",mood,,11/11/2023 21:03:00
Nervous,"November 11, 2023 at 07:06AM",mood,,11/11/2023 21:06:00
Confident,"November 11, 2023 at 07:07AM",goal,,11/11/2023 21:07:00
Nervous,"November 11, 2023 at 10:14PM",mood,,11/12/2023 12:14:00
Happy,"November 12, 2023 at 12:04AM",mood,,11/12/2023 14:04:00
Neutral,"November 12, 2023 at 01:18AM",mood,,11/12/2023 15:18:00
Nervous,"November 12, 2023 at 02:41AM",mood,,11/12/2023 16:41:00
Похмельный день. Сломалась машина,"November 12, 2023 at 02:41AM",note,,11/12/2023 16:41:00
Neutral,"November 12, 2023 at 04:31AM",mood,,11/12/2023 18:31:00
Happy,"November 12, 2023 at 06:11AM",mood,,11/12/2023 20:11:00
Neutral,"November 12, 2023 at 06:16AM",mood,,11/12/2023 20:16:00
Neutral,"November 12, 2023 at 06:16AM",mood,,11/12/2023 20:16:00
Neutral,"November 12, 2023 at 06:16AM",mood,,11/12/2023 20:16:00
Happy,"November 12, 2023 at 09:17AM",mood,,11/12/2023 23:17:00
Neutral,"November 12, 2023 at 06:07PM",mood,,11/13/2023 8:07:00
Happy,"November 12, 2023 at 07:44PM",mood,,11/13/2023 9:44:00
Happy,"November 12, 2023 at 11:15PM",mood,,11/13/2023 13:15:00
Neutral,"November 13, 2023 at 12:49AM",mood,,11/13/2023 14:49:00
Nervous,"November 13, 2023 at 03:20AM",mood,,11/13/2023 17:20:00
Happy,"November 13, 2023 at 05:16AM",mood,,11/13/2023 19:16:00
Happy,"November 13, 2023 at 05:50PM",mood,,11/14/2023 7:50:00
Happy,"November 13, 2023 at 05:55PM",mood,,11/14/2023 7:55:00
Nervous,"November 13, 2023 at 06:12PM",mood,,11/14/2023 8:12:00
Nervous,"November 13, 2023 at 06:12PM",mood,,11/14/2023 8:12:00
Happy,"November 13, 2023 at 06:12PM",mood,,11/14/2023 8:12:00
Happy,"November 13, 2023 at 09:35PM",mood,,11/14/2023 11:35:00
Happy,"November 13, 2023 at 09:35PM",mood,,11/14/2023 11:35:00
Confident,"November 14, 2023 at 12:39AM",goal,,11/14/2023 14:39:00
Neutral,"November 14, 2023 at 02:03AM",mood,,11/14/2023 16:03:00
Confident,"November 14, 2023 at 02:40AM",goal,,11/14/2023 16:40:00
Nervous,"November 14, 2023 at 02:40AM",mood,,11/14/2023 16:40:00
Happy,"November 14, 2023 at 02:40AM",mood,,11/14/2023 16:40:00
Happy,"November 14, 2023 at 02:40AM",mood,,11/14/2023 16:40:00
Neutral,"November 14, 2023 at 06:15AM",mood,,11/14/2023 20:15:00
Neutral,"November 14, 2023 at 08:32AM",mood,,11/14/2023 22:32:00
Neutral,"November 14, 2023 at 08:32AM",mood,,11/14/2023 22:32:00
Confident,"November 14, 2023 at 06:02PM",goal,,11/15/2023 8:02:00
Happy,"November 14, 2023 at 06:08PM",mood,,11/15/2023 8:08:00
Nervous,"November 14, 2023 at 07:06PM",mood,,11/15/2023 9:06:00
Nervous,"November 14, 2023 at 07:06PM",mood,,11/15/2023 9:06:00
Какой то упадок настроения. Хотя начал высыпаться,"November 14, 2023 at 08:23PM",note,,11/15/2023 10:23:00
Nervous,"November 14, 2023 at 08:23PM",mood,,11/15/2023 10:23:00
Nervous,"November 15, 2023 at 01:51AM",mood,,11/15/2023 15:51:00
Nervous,"November 15, 2023 at 02:43AM",mood,,11/15/2023 16:43:00
Confident,"November 15, 2023 at 06:21PM",goal,,11/16/2023 8:21:00
Nervous,"November 15, 2023 at 07:16PM",mood,,11/16/2023 9:16:00
Nervous,"November 16, 2023 at 12:59AM",mood,,11/16/2023 14:59:00
Confident,"November 16, 2023 at 02:11AM",goal,,11/16/2023 16:11:00
Nervous,"November 16, 2023 at 02:53AM",mood,,11/16/2023 16:53:00
Nervous,"November 16, 2023 at 07:22AM",mood,,11/16/2023 21:22:00
Happy,"November 16, 2023 at 07:53AM",mood,,11/16/2023 21:53:00
Nervous,"November 16, 2023 at 05:58PM",mood,,11/17/2023 7:58:00
Nervous,"November 16, 2023 at 06:13PM",mood,,11/17/2023 8:13:00
Увидел плесень в душе и напрягся что надо с этим что то делать,"November 16, 2023 at 06:29PM",note,,11/17/2023 8:29:00
Nervous,"November 17, 2023 at 01:48AM",mood,,11/17/2023 15:48:00
Confident,"November 17, 2023 at 02:18AM",goal,,11/17/2023 16:18:00
Happy,"November 17, 2023 at 02:18AM",mood,,11/17/2023 16:18:00
Nervous,"November 17, 2023 at 02:18AM",mood,,11/17/2023 16:18:00
Happy,"November 17, 2023 at 03:20AM",mood,,11/17/2023 17:20:00
Happy,"November 17, 2023 at 04:56AM",mood,,11/17/2023 18:56:00
Nervous,"November 17, 2023 at 09:57AM",mood,,11/17/2023 23:57:00
Тяжело было с т вдвоем. Хотел побыть один. Потом тупил,"November 17, 2023 at 09:58AM",note,nervous,11/17/2023 23:58:00
Neutral,"November 17, 2023 at 09:29PM",mood,,11/18/2023 11:29:00
Nervous,"November 17, 2023 at 10:28PM",mood,,11/18/2023 12:28:00
Размышление о том что надо что то сделать плюс бездействие = тревожность,"November 17, 2023 at 10:29PM",note,nervous,11/18/2023 12:29:00
Nervous,"November 17, 2023 at 11:01PM",mood,,11/18/2023 13:01:00
Happy,"November 18, 2023 at 06:18AM",mood,,11/18/2023 20:18:00
Nervous,"November 18, 2023 at 07:42PM",mood,,11/19/2023 9:42:00
Happy,"November 18, 2023 at 07:42PM",mood,,11/19/2023 9:42:00
Просто разбирать дела.  Не отвлекаться на их количество,"November 18, 2023 at 08:20PM",note,happy,11/19/2023 10:20:00
Neutral,"November 18, 2023 at 08:20PM",mood,,11/19/2023 10:20:00
Confident,"November 18, 2023 at 10:06PM",goal,,11/19/2023 12:06:00
"Иду в поход, собираю нас. Куча дел. Чувствую уверенность","November 18, 2023 at 10:06PM",note,happy,11/19/2023 12:06:00
Nervous,"November 19, 2023 at 12:59AM",mood,,11/19/2023 14:59:00
Confident,"November 19, 2023 at 01:31AM",goal,,11/19/2023 15:31:00
Happy,"November 19, 2023 at 01:31AM",mood,,11/19/2023 15:31:00
Happy,"November 19, 2023 at 01:33AM",mood,,11/19/2023 15:33:00
Happy,"November 19, 2023 at 01:33AM",mood,,11/19/2023 15:33:00
Happy,"November 19, 2023 at 01:33AM",mood,,11/19/2023 15:33:00
Confident,"November 19, 2023 at 01:34AM",goal,,11/19/2023 15:34:00
Happy,"November 19, 2023 at 01:50AM",mood,,11/19/2023 15:50:00
Happy,"November 19, 2023 at 02:13AM",mood,,11/19/2023 16:13:00
Nervous,"November 19, 2023 at 02:48AM",mood,,11/19/2023 16:48:00
Nervous,"November 19, 2023 at 03:24AM",mood,,11/19/2023 17:24:00
Happy,"November 19, 2023 at 03:40AM",mood,,11/19/2023 17:40:00
Happy,"November 19, 2023 at 03:41AM",mood,,11/19/2023 17:41:00
Happy,"November 19, 2023 at 04:10AM",mood,,11/19/2023 18:10:00
Happy,"November 19, 2023 at 04:10AM",mood,,11/19/2023 18:10:00
Happy,"November 19, 2023 at 09:19AM",mood,,11/19/2023 23:19:00
Happy,"November 19, 2023 at 06:04PM",mood,,11/20/2023 8:04:00
Neutral,"November 19, 2023 at 07:22PM",mood,,11/20/2023 9:22:00
Nervous,"November 19, 2023 at 11:25PM",mood,,11/20/2023 13:25:00
Nervous,"November 20, 2023 at 02:02AM",mood,,11/20/2023 16:02:00
Забил на дела и не сделал важного,"November 20, 2023 at 02:03AM",note,nervous,11/20/2023 16:03:00
Nervous,"November 20, 2023 at 04:14AM",mood,,11/20/2023 18:14:00
Nervous,"November 20, 2023 at 05:58AM",mood,,11/20/2023 19:58:00
"Вечера с Т очень выматывают. Он хочет кучу внимания, я как будто растворяюсь в этом","November 20, 2023 at 05:58AM",note,nervous,11/20/2023 19:58:00
Nervous,"November 20, 2023 at 09:42AM",mood,,11/20/2023 23:42:00
Nervous,"November 20, 2023 at 06:18PM",mood,,11/21/2023 8:18:00
Nervous,"November 20, 2023 at 06:51PM",mood,,11/21/2023 8:51:00
Nervous,"November 20, 2023 at 06:58PM",mood,,11/21/2023 8:58:00
Nervous,"November 20, 2023 at 06:58PM",mood,,11/21/2023 8:58:00
Nervous,"November 20, 2023 at 07:51PM",mood,,11/21/2023 9:51:00
Confident,"November 20, 2023 at 07:52PM",goal,,11/21/2023 9:52:00
Happy,"November 20, 2023 at 07:52PM",mood,,11/21/2023 9:52:00
Confident,"November 20, 2023 at 09:05PM",goal,,11/21/2023 11:05:00
Nervous,"November 20, 2023 at 09:21PM",mood,,11/21/2023 11:21:00
Nervous,"November 20, 2023 at 09:54PM",mood,,11/21/2023 11:54:00
Nervous,"November 20, 2023 at 10:51PM",mood,,11/21/2023 12:51:00
Nervous,"November 20, 2023 at 10:51PM",mood,,11/21/2023 12:51:00
Nervous,"November 20, 2023 at 11:24PM",mood,,11/21/2023 13:24:00
Nervous,"November 20, 2023 at 11:27PM",mood,,11/21/2023 13:27:00
Незаконченные предложения,"November 21, 2023 at 02:17AM",note,happy,11/21/2023 16:17:00
Confident,"November 21, 2023 at 04:37AM",goal,,11/21/2023 18:37:00
Happy,"November 21, 2023 at 04:37AM",mood,,11/21/2023 18:37:00
Confident,"November 21, 2023 at 04:51AM",goal,,11/21/2023 18:51:00
Neutral,"November 21, 2023 at 08:32AM",mood,,11/21/2023 22:32:00
Nervous,"November 21, 2023 at 06:02PM",mood,,11/22/2023 8:02:00
Happy,"November 21, 2023 at 06:03PM",mood,,11/22/2023 8:03:00
Nervous,"November 21, 2023 at 06:36PM",mood,,11/22/2023 8:36:00
Happy,"November 21, 2023 at 08:55PM",mood,,11/22/2023 10:55:00
Confident,"November 21, 2023 at 09:50PM",goal,,11/22/2023 11:50:00
Happy,"November 21, 2023 at 09:50PM",mood,,11/22/2023 11:50:00
Confident,"November 21, 2023 at 11:30PM",goal,,11/22/2023 13:30:00
Продуктивная работа,"November 22, 2023 at 02:09AM",note,happy,11/22/2023 16:09:00
Confident,"November 22, 2023 at 02:22AM",goal,,11/22/2023 16:22:00
Confident,"November 22, 2023 at 03:22AM",goal,,11/22/2023 17:22:00
Проговорил конфликт с М. Был осознаннее,"November 22, 2023 at 09:39AM",note,happy,11/22/2023 23:39:00
Happy,"November 22, 2023 at 09:44AM",mood,,11/22/2023 23:44:00
Happy,"November 22, 2023 at 09:45AM",mood,,11/22/2023 23:45:00
Happy,"November 22, 2023 at 09:45AM",mood,,11/22/2023 23:45:00
Happy,"November 22, 2023 at 09:45AM",mood,,11/22/2023 23:45:00
Happy,"November 22, 2023 at 09:45AM",mood,,11/22/2023 23:45:00
Confident,"November 22, 2023 at 09:11PM",goal,,11/23/2023 11:11:00
Happy,"November 22, 2023 at 09:11PM",mood,,11/23/2023 11:11:00
Confident,"November 22, 2023 at 10:46PM",goal,,11/23/2023 12:46:00
Happy,"November 22, 2023 at 10:46PM",mood,,11/23/2023 12:46:00
Nervous,"November 23, 2023 at 03:25AM",mood,,11/23/2023 17:25:00
Neutral,"November 23, 2023 at 06:11AM",mood,,11/23/2023 20:11:00
Happy,"November 23, 2023 at 09:16AM",mood,,11/23/2023 23:16:00
Happy,"November 23, 2023 at 09:16AM",mood,,11/23/2023 23:16:00
Happy,"November 23, 2023 at 08:34PM",mood,,11/24/2023 10:34:00
Confident,"November 23, 2023 at 08:36PM",goal,,11/24/2023 10:36:00
Happy,"November 23, 2023 at 10:33PM",mood,,11/24/2023 12:33:00
Confident,"November 23, 2023 at 10:33PM",goal,,11/24/2023 12:33:00
Nervous,"November 24, 2023 at 02:20AM",mood,,11/24/2023 16:20:00
Презентую результаты свое работы и остро реагирую на критику,"November 24, 2023 at 02:20AM",note,nervous,11/24/2023 16:20:00
Confident,"November 24, 2023 at 05:20AM",goal,,11/24/2023 19:20:00
Happy,"November 24, 2023 at 05:20AM",mood,,11/24/2023 19:20:00
Confident,"November 24, 2023 at 05:21AM",goal,,11/24/2023 19:21:00
Happy,"November 24, 2023 at 06:25AM",mood,,11/24/2023 20:25:00
Happy,"November 24, 2023 at 09:04AM",mood,,11/24/2023 23:04:00
Nervous,"November 24, 2023 at 10:04PM",mood,,11/25/2023 12:04:00
Neutral,"November 24, 2023 at 11:18PM",mood,,11/25/2023 13:18:00
Happy,"November 25, 2023 at 12:02AM",mood,,11/25/2023 14:02:00
Nervous,"November 25, 2023 at 12:31AM",mood,,11/25/2023 14:31:00
Nervous,"November 25, 2023 at 12:31AM",mood,,11/25/2023 14:31:00
Nervous,"November 25, 2023 at 12:31AM",mood,,11/25/2023 14:31:00
Neutral,"November 25, 2023 at 01:20AM",mood,,11/25/2023 15:20:00
Happy,"November 25, 2023 at 01:32AM",mood,,11/25/2023 15:32:00
Confident,"November 25, 2023 at 03:16AM",goal,,11/25/2023 17:16:00
Neutral,"November 25, 2023 at 03:16AM",mood,,11/25/2023 17:16:00
Happy,"November 25, 2023 at 03:47AM",mood,,11/25/2023 17:47:00
Happy,"November 25, 2023 at 05:25AM",mood,,11/25/2023 19:25:00
Happy,"November 25, 2023 at 10:00AM",mood,,11/26/2023 0:00:00
Чувство - желание что то делать. Жаль что появляется оно перед сном. Но чувствую уверенность,"November 25, 2023 at 10:01AM",note,happy,11/26/2023 0:01:00
Happy,"November 25, 2023 at 08:17PM",mood,,11/26/2023 10:17:00
Confident,"November 25, 2023 at 08:23PM",goal,,11/26/2023 10:23:00
Nervous,"November 25, 2023 at 08:50PM",mood,,11/26/2023 10:50:00
Happy,"November 25, 2023 at 08:50PM",mood,,11/26/2023 10:50:00
Happy,"November 25, 2023 at 09:12PM",mood,,11/26/2023 11:12:00
Happy,"November 25, 2023 at 09:56PM",mood,,11/26/2023 11:56:00
Happy,"November 25, 2023 at 10:16PM",mood,,11/26/2023 12:16:00
Happy,"November 25, 2023 at 10:16PM",mood,,11/26/2023 12:16:00
Confident,"November 25, 2023 at 10:57PM",goal,,11/26/2023 12:57:00
Happy,"November 25, 2023 at 11:10PM",mood,,11/26/2023 13:10:00
Nervous,"November 25, 2023 at 11:23PM",mood,,11/26/2023 13:23:00
Nervous,"November 26, 2023 at 12:38AM",mood,,11/26/2023 14:38:00
Neutral,"November 26, 2023 at 12:50AM",mood,,11/26/2023 14:50:00
"Выпил два кофе, чувствую что напряжен, тревожен","November 26, 2023 at 12:51AM",note,nervous,11/26/2023 14:51:00
Nervous,"November 26, 2023 at 12:51AM",mood,,11/26/2023 14:51:00
Test,"November 26, 2023 at 01:22AM",note,happy,11/26/2023 15:22:00
Делаю свой дашборд. Чувствую что созидаю,"November 26, 2023 at 01:40AM",note,happy,11/26/2023 15:40:00
Happy,"November 26, 2023 at 01:46AM",mood,,11/26/2023 15:46:00
Nervous,"November 26, 2023 at 02:02AM",mood,,11/26/2023 16:02:00
Nervous,"November 26, 2023 at 02:18AM",mood,,11/26/2023 16:18:00
Nervous,"November 26, 2023 at 02:40AM",mood,,11/26/2023 16:40:00
Nervous,"November 26, 2023 at 02:55AM",mood,,11/26/2023 16:55:00
Nervous,"November 26, 2023 at 03:48AM",mood,,11/26/2023 17:48:00
Упадок сил,"November 26, 2023 at 07:14AM",note,nervous,11/26/2023 21:14:00
Neutral,"November 26, 2023 at 08:45AM",mood,,11/26/2023 22:45:00
Happy,"November 26, 2023 at 05:59PM",mood,,11/27/2023 7:59:00
Happy,"November 26, 2023 at 06:12PM",mood,,11/27/2023 8:12:00
Nervous,"November 26, 2023 at 06:36PM",mood,,11/27/2023 8:36:00
"Какое то физическое истощение. Уставшие глаза, заложен нос, болит поясница - уже после сна","November 26, 2023 at 06:37PM",note,nervous,11/27/2023 8:37:00
Happy,"November 26, 2023 at 10:30PM",mood,,11/27/2023 12:30:00
Happy,"November 26, 2023 at 10:51PM",mood,,11/27/2023 12:51:00
Happy,"November 26, 2023 at 11:24PM",mood,,11/27/2023 13:24:00
Happy,"November 27, 2023 at 01:08AM",mood,,11/27/2023 15:08:00
Happy,"November 27, 2023 at 02:00AM",mood,,11/27/2023 16:00:00
Happy,"November 27, 2023 at 02:30AM",mood,,11/27/2023 16:30:00
Happy,"November 27, 2023 at 03:20AM",mood,,11/27/2023 17:20:00
Nervous,"November 27, 2023 at 03:46AM",mood,,11/27/2023 17:46:00
Nervous,"November 27, 2023 at 06:28AM",mood,,11/27/2023 20:28:00
Утром бодр и уверен с пол вечер выдохся. Как будто это часть большого цикла и я в его конце,"November 27, 2023 at 08:51AM",note,nervous,11/27/2023 22:51:00
Nervous,"November 27, 2023 at 06:23PM",mood,,11/28/2023 8:23:00
Nervous,"November 27, 2023 at 06:23PM",mood,,11/28/2023 8:23:00
Neutral,"November 27, 2023 at 09:24PM",mood,,11/28/2023 11:24:00
Neutral,"November 28, 2023 at 02:01AM",mood,,11/28/2023 16:01:00
Neutral,"November 28, 2023 at 02:36AM",mood,,11/28/2023 16:36:00
Neutral,"November 28, 2023 at 03:22AM",mood,,11/28/2023 17:22:00
Neutral,"November 28, 2023 at 06:38PM",mood,,11/29/2023 8:38:00
Neutral,"November 28, 2023 at 09:36PM",mood,,11/29/2023 11:36:00
Happy,"November 28, 2023 at 10:59PM",mood,,11/29/2023 12:59:00
Neutral,"November 29, 2023 at 12:41AM",mood,,11/29/2023 14:41:00
Neutral,"November 29, 2023 at 02:03AM",mood,,11/29/2023 16:03:00
Neutral,"November 29, 2023 at 02:16AM",mood,,11/29/2023 16:16:00
Neutral,"November 29, 2023 at 03:12AM",mood,,11/29/2023 17:12:00
Nervous,"November 29, 2023 at 03:12AM",mood,,11/29/2023 17:12:00
Nervous,"November 29, 2023 at 04:36AM",mood,,11/29/2023 18:36:00
Сгорела картошка. Бесит,"November 29, 2023 at 04:36AM",note,nervous,11/29/2023 18:36:00
Nervous,"November 29, 2023 at 05:00AM",mood,,11/29/2023 19:00:00
Happy,"November 29, 2023 at 06:09AM",mood,,11/29/2023 20:09:00
Neutral,"November 29, 2023 at 07:14AM",mood,,11/29/2023 21:14:00
Neutral,"November 29, 2023 at 09:14AM",mood,,11/29/2023 23:14:00
Neutral,"November 29, 2023 at 05:55PM",mood,,11/30/2023 7:55:00
Neutral,"November 29, 2023 at 06:33PM",mood,,11/30/2023 8:33:00
Happy,"November 29, 2023 at 07:10PM",mood,,11/30/2023 9:10:00
Happy,"November 29, 2023 at 08:34PM",mood,,11/30/2023 10:34:00
Happy,"November 29, 2023 at 09:59PM",mood,,11/30/2023 11:59:00
Happy,"November 29, 2023 at 10:49PM",mood,,11/30/2023 12:49:00
Nervous,"November 30, 2023 at 03:34AM",mood,,11/30/2023 17:34:00
Happy,"November 30, 2023 at 03:52AM",mood,,11/30/2023 17:52:00
Neutral,"November 30, 2023 at 04:32AM",mood,,11/30/2023 18:32:00
Happy,"November 30, 2023 at 04:50AM",mood,,11/30/2023 18:50:00
Nervous,"November 30, 2023 at 05:39AM",mood,,11/30/2023 19:39:00
Neutral,"November 30, 2023 at 06:25AM",mood,,11/30/2023 20:25:00
Nervous,"November 30, 2023 at 06:03PM",mood,,12/1/2023 8:03:00
Nervous,"November 30, 2023 at 06:06PM",mood,,12/1/2023 8:06:00
Nervous,"November 30, 2023 at 06:07PM",mood,,12/1/2023 8:07:00
Плохо спал. Болела рука,"November 30, 2023 at 06:07PM",note,nervous,12/1/2023 8:07:00
Happy,"November 30, 2023 at 06:36PM",mood,,12/1/2023 8:36:00
Neutral,"November 30, 2023 at 07:10PM",mood,,12/1/2023 9:10:00
Neutral,"November 30, 2023 at 09:15PM",mood,,12/1/2023 11:15:00
Nervous,"November 30, 2023 at 10:23PM",mood,,12/1/2023 12:23:00
Nervous,"November 30, 2023 at 11:29PM",mood,,12/1/2023 13:29:00
Nervous,"November 30, 2023 at 11:29PM",mood,,12/1/2023 13:29:00
Говорю человеку неприятные вещи в лицо. Заэимаюсь,"November 30, 2023 at 11:29PM",note,nervous,12/1/2023 13:29:00
Happy,"December 01, 2023 at 02:35AM",mood,,12/1/2023 16:35:00
Happy,"December 1, 2023 at 02:58AM",mood,,12/1/2023 16:58:00
Happy,"December 1, 2023 at 03:40AM",mood,,12/1/2023 17:40:00
Happy,"December 1, 2023 at 04:34AM",mood,,12/1/2023 18:34:00
Happy,"December 1, 2023 at 05:42AM",mood,,12/1/2023 19:42:00
Happy,"December 1, 2023 at 05:50AM",mood,,12/1/2023 19:50:00
Neutral,"December 1, 2023 at 07:47PM",mood,,12/2/2023 9:47:00
Neutral,"December 1, 2023 at 08:35PM",mood,,12/2/2023 10:35:00
Nervous,"December 1, 2023 at 08:47PM",mood,,12/2/2023 10:47:00
В магазине не знаю что выбрать,"December 01, 2023 at 09:04PM",note,nervous,12/2/2023 11:04:00
Happy,"December 1, 2023 at 11:27PM",mood,,12/2/2023 13:27:00
Nervous,"December 2, 2023 at 12:22AM",mood,,12/2/2023 14:22:00
Happy,"December 2, 2023 at 12:22AM",mood,,12/2/2023 14:22:00
Happy,"December 2, 2023 at 12:27AM",mood,,12/2/2023 14:27:00
Nervous,"December 02, 2023 at 02:03AM",mood,,12/2/2023 16:03:00
Happy,"December 02, 2023 at 06:49AM",mood,,12/2/2023 20:49:00
Neutral,"December 02, 2023 at 07:57PM",mood,,12/3/2023 9:57:00
Neutral,"December 02, 2023 at 10:20PM",mood,,12/3/2023 12:20:00
Neutral,"December 02, 2023 at 11:05PM",mood,,12/3/2023 13:05:00
Neutral,"December 2, 2023 at 11:24PM",mood,,12/3/2023 13:24:00
Nervous,"December 3, 2023 at 01:01AM",mood,,12/3/2023 15:01:00
Nervous,"December 3, 2023 at 01:15AM",mood,,12/3/2023 15:15:00
Happy,"December 3, 2023 at 02:02AM",mood,,12/3/2023 16:02:00
Happy,"December 3, 2023 at 02:23AM",mood,,12/3/2023 16:23:00
Neutral,"December 3, 2023 at 02:40AM",mood,,12/3/2023 16:40:00
Nervous,"December 3, 2023 at 02:42AM",mood,,12/3/2023 16:42:00
Happy,"December 03, 2023 at 04:58AM",mood,,12/3/2023 18:58:00
Happy,"December 3, 2023 at 05:14AM",mood,,12/3/2023 19:14:00
Happy,"December 3, 2023 at 05:17AM",mood,,12/3/2023 19:17:00
Happy,"December 3, 2023 at 05:58AM",mood,,12/3/2023 19:58:00
Happy,"December 3, 2023 at 05:59AM",mood,,12/3/2023 19:59:00
Квиз,"December 03, 2023 at 06:39AM",note,happy,12/3/2023 20:39:00
Happy,"December 3, 2023 at 06:55AM",mood,,12/3/2023 20:55:00
Happy,"December 3, 2023 at 07:47AM",mood,,12/3/2023 21:47:00
Neutral,"December 3, 2023 at 06:05PM",mood,,12/4/2023 8:05:00
Nervous,"December 3, 2023 at 07:07PM",mood,,12/4/2023 9:07:00
Nervous,"December 3, 2023 at 08:13PM",mood,,12/4/2023 10:13:00
Nervous,"December 3, 2023 at 08:46PM",mood,,12/4/2023 10:46:00
Happy,"December 3, 2023 at 09:39PM",mood,,12/4/2023 11:39:00
Happy,"December 3, 2023 at 09:39PM",mood,,12/4/2023 11:39:00
Happy,"December 03, 2023 at 10:29PM",mood,,12/4/2023 12:29:00
Neutral,"December 4, 2023 at 02:12AM",mood,,12/4/2023 16:12:00
Neutral,"December 4, 2023 at 02:12AM",mood,,12/4/2023 16:12:00
Neutral,"December 4, 2023 at 02:38AM",mood,,12/4/2023 16:38:00
Happy,"December 4, 2023 at 02:46AM",mood,,12/4/2023 16:46:00
Nervous,"December 4, 2023 at 03:06AM",mood,,12/4/2023 17:06:00
Happy,"December 4, 2023 at 05:00AM",mood,,12/4/2023 19:00:00
Happy,"December 4, 2023 at 05:00AM",mood,,12/4/2023 19:00:00
Neutral,"December 4, 2023 at 05:59PM",mood,,12/5/2023 7:59:00
Neutral,"December 4, 2023 at 07:24PM",mood,,12/5/2023 9:24:00
Neutral,"December 04, 2023 at 09:53PM",mood,,12/5/2023 11:53:00
Nervous,"December 04, 2023 at 09:53PM",mood,,12/5/2023 11:53:00
Happy,"December 05, 2023 at 12:34AM",mood,,12/5/2023 14:34:00
Neutral,"December 5, 2023 at 01:56AM",mood,,12/5/2023 15:56:00
Nervous,"December 5, 2023 at 02:14AM",mood,,12/5/2023 16:14:00
Nervous,"December 5, 2023 at 02:53AM",mood,,12/5/2023 16:53:00
Neutral,"December 5, 2023 at 03:55AM",mood,,12/5/2023 17:55:00
Happy,"December 5, 2023 at 03:55AM",mood,,12/5/2023 17:55:00
Neutral,"December 5, 2023 at 05:45AM",mood,,12/5/2023 19:45:00
Happy,"December 05, 2023 at 07:16AM",mood,,12/5/2023 21:16:00
Neutral,"December 5, 2023 at 06:10PM",mood,,12/6/2023 8:10:00
Neutral,"December 5, 2023 at 07:02PM",mood,,12/6/2023 9:02:00
Neutral,"December 5, 2023 at 08:31PM",mood,,12/6/2023 10:31:00
Nervous,"December 05, 2023 at 09:08PM",mood,,12/6/2023 11:08:00
Happy,"December 05, 2023 at 10:11PM",mood,,12/6/2023 12:11:00
Nervous,"December 06, 2023 at 01:22AM",mood,,12/6/2023 15:22:00
Играл посередине рабочего дня. Потом кажется что я что то упускаю,"December 06, 2023 at 01:23AM",note,nervous,12/6/2023 15:23:00
Neutral,"December 6, 2023 at 02:06AM",mood,,12/6/2023 16:06:00
Nervous,"December 06, 2023 at 04:47AM",mood,,12/6/2023 18:47:00
Neutral,"December 06, 2023 at 07:22AM",mood,,12/6/2023 21:22:00
Nervous,"December 6, 2023 at 07:24AM",mood,,12/6/2023 21:24:00
Neutral,"December 6, 2023 at 07:24AM",mood,,12/6/2023 21:24:00
Nervous,"December 6, 2023 at 07:25AM",mood,,12/6/2023 21:25:00
Neutral,"December 06, 2023 at 06:13PM",mood,,12/7/2023 8:13:00
Nervous,"December 06, 2023 at 06:13PM",mood,,12/7/2023 8:13:00
Nervous,"December 6, 2023 at 06:41PM",mood,,12/7/2023 8:41:00
Neutral,"December 6, 2023 at 06:41PM",mood,,12/7/2023 8:41:00
Neutral,"December 6, 2023 at 06:41PM",mood,,12/7/2023 8:41:00
Neutral,"December 6, 2023 at 07:47PM",mood,,12/7/2023 9:47:00
Nervous,"December 6, 2023 at 08:16PM",mood,,12/7/2023 10:16:00
Сделал что то что не хотел. Как будто меня заставили (на самом деле нет). Но я потерял контроль,"December 06, 2023 at 08:17PM",note,nervous,12/7/2023 10:17:00
Nervous,"December 6, 2023 at 09:27PM",mood,,12/7/2023 11:27:00
Happy,"December 6, 2023 at 10:07PM",mood,,12/7/2023 12:07:00
Neutral,"December 7, 2023 at 02:10AM",mood,,12/7/2023 16:10:00
Nervous,"December 07, 2023 at 02:22AM",mood,,12/7/2023 16:22:00
Happy,"December 7, 2023 at 03:31AM",mood,,12/7/2023 17:31:00
Happy,"December 7, 2023 at 04:13AM",mood,,12/7/2023 18:13:00
Happy,"December 7, 2023 at 06:32AM",mood,,12/7/2023 20:32:00
Happy,"December 7, 2023 at 06:32AM",mood,,12/7/2023 20:32:00
Happy,"December 07, 2023 at 09:14AM",mood,,12/7/2023 23:14:00
Neutral,"December 7, 2023 at 06:07PM",mood,,12/8/2023 8:07:00
Neutral,"December 7, 2023 at 06:41PM",mood,,12/8/2023 8:41:00
Happy,"December 7, 2023 at 06:41PM",mood,,12/8/2023 8:41:00
Nervous,"December 7, 2023 at 07:14PM",mood,,12/8/2023 9:14:00
Neutral,"December 7, 2023 at 07:50PM",mood,,12/8/2023 9:50:00
Nervous,"December 07, 2023 at 08:04PM",mood,,12/8/2023 10:04:00
"Тяжело читать - устали глаза, кажется опять двоится","December 07, 2023 at 08:05PM",note,nervous,12/8/2023 10:05:00
Neutral,"December 7, 2023 at 10:14PM",mood,,12/8/2023 12:14:00
Happy,"December 8, 2023 at 12:19AM",mood,,12/8/2023 14:19:00
Neutral,"December 8, 2023 at 12:42AM",mood,,12/8/2023 14:42:00
Neutral,"December 8, 2023 at 01:29AM",mood,,12/8/2023 15:29:00
Neutral,"December 8, 2023 at 04:04AM",mood,,12/8/2023 18:04:00
Neutral,"December 8, 2023 at 04:05AM",mood,,12/8/2023 18:05:00
Happy,"December 8, 2023 at 05:13AM",mood,,12/8/2023 19:13:00
Neutral,"December 8, 2023 at 06:29AM",mood,,12/8/2023 20:29:00
Happy,"December 8, 2023 at 06:29AM",mood,,12/8/2023 20:29:00
Happy,"December 8, 2023 at 08:26PM",mood,,12/9/2023 10:26:00
Happy,"December 8, 2023 at 08:26PM",mood,,12/9/2023 10:26:00
Nervous,"December 8, 2023 at 08:34PM",mood,,12/9/2023 10:34:00
Neutral,"December 8, 2023 at 09:33PM",mood,,12/9/2023 11:33:00
Neutral,"December 08, 2023 at 11:32PM",mood,,12/9/2023 13:32:00
Happy,"December 9, 2023 at 12:31AM",mood,,12/9/2023 14:31:00
Neutral,"December 9, 2023 at 01:03AM",mood,,12/9/2023 15:03:00
Neutral,"December 9, 2023 at 02:14AM",mood,,12/9/2023 16:14:00
Neutral,"December 9, 2023 at 02:43AM",mood,,12/9/2023 16:43:00
Neutral,"December 9, 2023 at 03:53AM",mood,,12/9/2023 17:53:00
Neutral,"December 9, 2023 at 04:50AM",mood,,12/9/2023 18:50:00
Nervous,"December 09, 2023 at 06:57AM",mood,,12/9/2023 20:57:00
Nervous,"December 09, 2023 at 08:25AM",mood,,12/9/2023 22:25:00
Happy,"December 09, 2023 at 08:49AM",mood,,12/9/2023 22:49:00
Чувство что выполнил все запланированное на день,"December 09, 2023 at 08:49AM",note,happy,12/9/2023 22:49:00
Happy,"December 9, 2023 at 07:28PM",mood,,12/10/2023 9:28:00
Nervous,"December 09, 2023 at 08:34PM",mood,,12/10/2023 10:34:00
Neutral,"December 9, 2023 at 08:57PM",mood,,12/10/2023 10:57:00
Happy,"December 9, 2023 at 09:15PM",mood,,12/10/2023 11:15:00
Happy,"December 9, 2023 at 09:36PM",mood,,12/10/2023 11:36:00
Happy,"December 9, 2023 at 10:01PM",mood,,12/10/2023 12:01:00
Happy,"December 9, 2023 at 10:51PM",mood,,12/10/2023 12:51:00
Happy,"December 9, 2023 at 11:36PM",mood,,12/10/2023 13:36:00
Happy,"December 9, 2023 at 11:53PM",mood,,12/10/2023 13:53:00
Поход с Т,"December 10, 2023 at 12:11AM",note,happy,12/10/2023 14:11:00
Neutral,"December 10, 2023 at 01:57AM",mood,,12/10/2023 15:57:00
Neutral,"December 10, 2023 at 06:21AM",mood,,12/10/2023 20:21:00
Neutral,"December 10, 2023 at 07:57AM",mood,,12/10/2023 21:57:00
Neutral,"December 10, 2023 at 07:09PM",mood,,12/11/2023 9:09:00
Happy,"December 10, 2023 at 08:31PM",mood,,12/11/2023 10:31:00
Neutral,"December 10, 2023 at 09:47PM",mood,,12/11/2023 11:47:00
Neutral,"December 10, 2023 at 10:49PM",mood,,12/11/2023 12:49:00
Neutral,"December 11, 2023 at 01:00AM",mood,,12/11/2023 15:00:00
Nervous,"December 11, 2023 at 02:23AM",mood,,12/11/2023 16:23:00
Happy,"December 11, 2023 at 02:30AM",mood,,12/11/2023 16:30:00
Happy,"December 11, 2023 at 02:30AM",mood,,12/11/2023 16:30:00
Happy,"December 11, 2023 at 02:33AM",mood,,12/11/2023 16:33:00
"На работе меня критиковали, но я достойно держался не воспринимая это как критику себя","December 11, 2023 at 02:34AM",note,happy,12/11/2023 16:34:00
Nervous,"December 11, 2023 at 03:51AM",mood,,12/11/2023 17:51:00
Neutral,"December 11, 2023 at 04:35AM",mood,,12/11/2023 18:35:00
Neutral,"December 11, 2023 at 06:41AM",mood,,12/11/2023 20:41:00
Neutral,"December 11, 2023 at 08:58AM",mood,,12/11/2023 22:58:00
Neutral,"December 11, 2023 at 05:38PM",mood,,12/12/2023 7:38:00
Neutral,"December 11, 2023 at 06:08PM",mood,,12/12/2023 8:08:00
Neutral,"December 11, 2023 at 07:16PM",mood,,12/12/2023 9:16:00
Nervous,"December 11, 2023 at 08:45PM",mood,,12/12/2023 10:45:00
Neutral,"December 11, 2023 at 08:53PM",mood,,12/12/2023 10:53:00
Happy,"December 11, 2023 at 09:33PM",mood,,12/12/2023 11:33:00
Neutral,"December 11, 2023 at 10:54PM",mood,,12/12/2023 12:54:00
Nervous,"December 12, 2023 at 12:21AM",mood,,12/12/2023 14:21:00
Neutral,"December 12, 2023 at 01:15AM",mood,,12/12/2023 15:15:00
Nervous,"December 12, 2023 at 01:43AM",mood,,12/12/2023 15:43:00
Nervous,"December 12, 2023 at 02:58AM",mood,,12/12/2023 16:58:00
Nervous,"December 12, 2023 at 03:58AM",mood,,12/12/2023 17:58:00
Чувство истощенности,"December 12, 2023 at 03:58AM",note,nervous,12/12/2023 17:58:00
Спорил с Виталиком - пытался объяснить свою мысль а он не понимал,"December 12, 2023 at 04:14AM",note,nervous,12/12/2023 18:14:00
Neutral,"December 12, 2023 at 06:30AM",mood,,12/12/2023 20:30:00
Neutral,"December 12, 2023 at 07:46AM",mood,,12/12/2023 21:46:00
Nervous,"December 12, 2023 at 08:01AM",mood,,12/12/2023 22:01:00
Neutral,"December 12, 2023 at 06:02PM",mood,,12/13/2023 8:02:00
Neutral,"December 12, 2023 at 07:02PM",mood,,12/13/2023 9:02:00
Nervous,"December 12, 2023 at 07:21PM",mood,,12/13/2023 9:21:00
Nervous,"December 12, 2023 at 07:56PM",mood,,12/13/2023 9:56:00
Nervous,"December 12, 2023 at 08:01PM",mood,,12/13/2023 10:01:00
Тревожность,"December 12, 2023 at 08:15PM",note,nervous,12/13/2023 10:15:00
Happy,"December 12, 2023 at 09:29PM",mood,,12/13/2023 11:29:00
Nervous,"December 12, 2023 at 11:17PM",mood,,12/13/2023 13:17:00
Nervous,"December 12, 2023 at 11:42PM",mood,,12/13/2023 13:42:00
Happy,"December 13, 2023 at 12:15AM",mood,,12/13/2023 14:15:00
Neutral,"December 13, 2023 at 01:41AM",mood,,12/13/2023 15:41:00
Neutral,"December 13, 2023 at 01:41AM",mood,,12/13/2023 15:41:00
Happy,"December 13, 2023 at 01:50AM",mood,,12/13/2023 15:50:00
Neutral,"December 13, 2023 at 03:16AM",mood,,12/13/2023 17:16:00
Neutral,"December 13, 2023 at 05:16AM",mood,,12/13/2023 19:16:00
Neutral,"December 13, 2023 at 06:19AM",mood,,12/13/2023 20:19:00
Happy,"December 13, 2023 at 08:46AM",mood,,12/13/2023 22:46:00
Happy,"December 13, 2023 at 08:46AM",mood,,12/13/2023 22:46:00
Neutral,"December 13, 2023 at 06:07PM",mood,,12/14/2023 8:07:00
Neutral,"December 13, 2023 at 09:06PM",mood,,12/14/2023 11:06:00
Nervous,"December 14, 2023 at 12:10AM",mood,,12/14/2023 14:10:00
Похмелье,"December 14, 2023 at 12:10AM",note,nervous,12/14/2023 14:10:00
Neutral,"December 14, 2023 at 01:15AM",mood,,12/14/2023 15:15:00
Neutral,"December 14, 2023 at 02:54AM",mood,,12/14/2023 16:54:00
Neutral,"December 14, 2023 at 05:34AM",mood,,12/14/2023 19:34:00
Neutral,"December 14, 2023 at 06:18AM",mood,,12/14/2023 20:18:00
Neutral,"December 14, 2023 at 07:02AM",mood,,12/14/2023 21:02:00
Happy,"December 14, 2023 at 08:17AM",mood,,12/14/2023 22:17:00
Nervous,"December 14, 2023 at 05:56PM",mood,,12/15/2023 7:56:00
Neutral,"December 14, 2023 at 05:57PM",mood,,12/15/2023 7:57:00
Neutral,"December 14, 2023 at 07:22PM",mood,,12/15/2023 9:22:00
Neutral,"December 14, 2023 at 07:33PM",mood,,12/15/2023 9:33:00
Neutral,"December 14, 2023 at 08:20PM",mood,,12/15/2023 10:20:00
Neutral,"December 14, 2023 at 09:39PM",mood,,12/15/2023 11:39:00
Neutral,"December 14, 2023 at 10:13PM",mood,,12/15/2023 12:13:00
Nervous,"December 14, 2023 at 11:02PM",mood,,12/15/2023 13:02:00
Neutral,"December 14, 2023 at 11:42PM",mood,,12/15/2023 13:42:00
Happy,"December 15, 2023 at 12:11AM",mood,,12/15/2023 14:11:00
Neutral,"December 15, 2023 at 12:34AM",mood,,12/15/2023 14:34:00
Happy,"December 15, 2023 at 01:23AM",mood,,12/15/2023 15:23:00
Nervous,"December 15, 2023 at 02:24AM",mood,,12/15/2023 16:24:00
Neutral,"December 15, 2023 at 03:16AM",mood,,12/15/2023 17:16:00
Nervous,"December 15, 2023 at 03:55AM",mood,,12/15/2023 17:55:00
Happy,"December 15, 2023 at 09:22AM",mood,,12/15/2023 23:22:00
Happy,"December 15, 2023 at 09:44AM",mood,,12/15/2023 23:44:00
Happy,"December 15, 2023 at 06:46PM",mood,,12/16/2023 8:46:00
Neutral,"December 15, 2023 at 07:43PM",mood,,12/16/2023 9:43:00
Happy,"December 15, 2023 at 08:45PM",mood,,12/16/2023 10:45:00
Neutral,"December 15, 2023 at 10:52PM",mood,,12/16/2023 12:52:00
Nervous,"December 15, 2023 at 10:52PM",mood,,12/16/2023 12:52:00
Happy,"December 16, 2023 at 12:10AM",mood,,12/16/2023 14:10:00
Neutral,"December 16, 2023 at 12:25AM",mood,,12/16/2023 14:25:00
Neutral,"December 16, 2023 at 03:37AM",mood,,12/16/2023 17:37:00
Neutral,"December 16, 2023 at 03:37AM",mood,,12/16/2023 17:37:00
Neutral,"December 16, 2023 at 06:12AM",mood,,12/16/2023 20:12:00
Neutral,"December 16, 2023 at 07:15PM",mood,,12/17/2023 9:15:00
Happy,"December 16, 2023 at 08:05PM",mood,,12/17/2023 10:05:00
Happy,"December 16, 2023 at 09:02PM",mood,,12/17/2023 11:02:00
Neutral,"December 16, 2023 at 09:44PM",mood,,12/17/2023 11:44:00
Neutral,"December 16, 2023 at 10:08PM",mood,,12/17/2023 12:08:00
Neutral,"December 16, 2023 at 10:36PM",mood,,12/17/2023 12:36:00
Neutral,"December 17, 2023 at 01:13AM",mood,,12/17/2023 15:13:00
Neutral,"December 17, 2023 at 01:42AM",mood,,12/17/2023 15:42:00
Happy,"December 17, 2023 at 04:28AM",mood,,12/17/2023 18:28:00
Neutral,"December 17, 2023 at 07:45AM",mood,,12/17/2023 21:45:00
Neutral,"December 17, 2023 at 07:31PM",mood,,12/18/2023 9:31:00
Neutral,"December 17, 2023 at 07:33PM",mood,,12/18/2023 9:33:00
Neutral,"December 17, 2023 at 08:27PM",mood,,12/18/2023 10:27:00
Happy,"December 17, 2023 at 09:14PM",mood,,12/18/2023 11:14:00
Neutral,"December 17, 2023 at 11:18PM",mood,,12/18/2023 13:18:00
Neutral,"December 17, 2023 at 11:52PM",mood,,12/18/2023 13:52:00
Neutral,"December 18, 2023 at 01:20AM",mood,,12/18/2023 15:20:00
Neutral,"December 18, 2023 at 02:13AM",mood,,12/18/2023 16:13:00
Neutral,"December 18, 2023 at 02:53AM",mood,,12/18/2023 16:53:00
Neutral,"December 18, 2023 at 05:41AM",mood,,12/18/2023 19:41:00
Neutral,"December 18, 2023 at 07:56AM",mood,,12/18/2023 21:56:00
Neutral,"December 18, 2023 at 06:01PM",mood,,12/19/2023 8:01:00
Neutral,"December 18, 2023 at 07:50PM",mood,,12/19/2023 9:50:00
Nervous,"December 18, 2023 at 07:59PM",mood,,12/19/2023 9:59:00
Neutral,"December 18, 2023 at 10:13PM",mood,,12/19/2023 12:13:00
Neutral,"December 18, 2023 at 11:30PM",mood,,12/19/2023 13:30:00
Neutral,"December 18, 2023 at 11:39PM",mood,,12/19/2023 13:39:00
Neutral,"December 19, 2023 at 12:21AM",mood,,12/19/2023 14:21:00
Neutral,"December 19, 2023 at 01:22AM",mood,,12/19/2023 15:22:00
Nervous,"December 19, 2023 at 02:01AM",mood,,12/19/2023 16:01:00
Виталик сказал что мен могут уволить,"December 19, 2023 at 02:02AM",note,nervous,12/19/2023 16:02:00
Nervous,"December 19, 2023 at 03:47AM",mood,,12/19/2023 17:47:00
Neutral,"December 19, 2023 at 05:21AM",mood,,12/19/2023 19:21:00
Happy,"December 19, 2023 at 06:11AM",mood,,12/19/2023 20:11:00
Neutral,"December 19, 2023 at 07:15AM",mood,,12/19/2023 21:15:00
Nervous,"December 19, 2023 at 05:49PM",mood,,12/20/2023 7:49:00
Neutral,"December 19, 2023 at 06:15PM",mood,,12/20/2023 8:15:00
Nervous,"December 19, 2023 at 07:20PM",mood,,12/20/2023 9:20:00
Neutral,"December 19, 2023 at 08:04PM",mood,,12/20/2023 10:04:00
Happy,"December 19, 2023 at 08:28PM",mood,,12/20/2023 10:28:00
Поговорил с печалью,"December 19, 2023 at 08:28PM",note,happy,12/20/2023 10:28:00
Happy,"December 19, 2023 at 09:11PM",mood,,12/20/2023 11:11:00
Neutral,"December 20, 2023 at 01:28AM",mood,,12/20/2023 15:28:00
Happy,"December 20, 2023 at 01:53AM",mood,,12/20/2023 15:53:00
Neutral,"December 20, 2023 at 02:27AM",mood,,12/20/2023 16:27:00
Nervous,"December 20, 2023 at 03:08AM",mood,,12/20/2023 17:08:00
Neutral,"December 20, 2023 at 05:52AM",mood,,12/20/2023 19:52:00
Nervous,"December 20, 2023 at 06:02AM",mood,,12/20/2023 20:02:00
"Чувства нервности притупились, они не такие яркие","December 20, 2023 at 06:03AM",note,nervous,12/20/2023 20:03:00
Nervous,"December 20, 2023 at 06:52AM",mood,,12/20/2023 20:52:00
Nervous,"December 20, 2023 at 07:09AM",mood,,12/20/2023 21:09:00
Happy,"December 20, 2023 at 06:23PM",mood,,12/21/2023 8:23:00
Neutral,"December 20, 2023 at 07:14PM",mood,,12/21/2023 9:14:00
Neutral,"December 20, 2023 at 08:37PM",mood,,12/21/2023 10:37:00
Neutral,"December 20, 2023 at 09:36PM",mood,,12/21/2023 11:36:00
Neutral,"December 20, 2023 at 10:17PM",mood,,12/21/2023 12:17:00
Nervous,"December 20, 2023 at 11:28PM",mood,,12/21/2023 13:28:00
Nervous,"December 21, 2023 at 01:36AM",mood,,12/21/2023 15:36:00
Nervous,"December 21, 2023 at 02:36AM",mood,,12/21/2023 16:36:00
Neutral,"December 21, 2023 at 06:09AM",mood,,12/21/2023 20:09:00
Neutral,"December 21, 2023 at 06:03PM",mood,,12/22/2023 8:03:00
Neutral,"December 21, 2023 at 06:48PM",mood,,12/22/2023 8:48:00
Neutral,"December 21, 2023 at 07:30PM",mood,,12/22/2023 9:30:00
Happy,"December 21, 2023 at 07:48PM",mood,,12/22/2023 9:48:00
Neutral,"December 21, 2023 at 09:33PM",mood,,12/22/2023 11:33:00
Neutral,"December 21, 2023 at 10:01PM",mood,,12/22/2023 12:01:00
Happy,"December 21, 2023 at 10:01PM",mood,,12/22/2023 12:01:00
Happy,"December 21, 2023 at 11:37PM",mood,,12/22/2023 13:37:00
Neutral,"December 22, 2023 at 02:02AM",mood,,12/22/2023 16:02:00
Neutral,"December 22, 2023 at 02:39AM",mood,,12/22/2023 16:39:00
Neutral,"December 22, 2023 at 04:48AM",mood,,12/22/2023 18:48:00
Neutral,"December 22, 2023 at 08:00PM",mood,,12/23/2023 10:00:00
Happy,"December 22, 2023 at 08:00PM",mood,,12/23/2023 10:00:00
Заметил что дыханием задавлив эмоции. Помедитировал- отпустило,"December 22, 2023 at 08:01PM",note,happy,12/23/2023 10:01:00
Neutral,"December 22, 2023 at 08:59PM",mood,,12/23/2023 10:59:00
Nervous,"December 22, 2023 at 09:14PM",mood,,12/23/2023 11:14:00
Nervous,"December 22, 2023 at 10:22PM",mood,,12/23/2023 12:22:00
Мусор на улице и в лесу,"December 22, 2023 at 10:22PM",note,nervous,12/23/2023 12:22:00
Nervous,"December 23, 2023 at 12:14AM",mood,,12/23/2023 14:14:00
Happy,"December 23, 2023 at 12:27AM",mood,,12/23/2023 14:27:00
Nervous,"December 23, 2023 at 12:28AM",mood,,12/23/2023 14:28:00
Nervous,"December 23, 2023 at 04:01AM",mood,,12/23/2023 18:01:00
Neutral,"December 23, 2023 at 07:01PM",mood,,12/24/2023 9:01:00
Neutral,"December 23, 2023 at 08:32PM",mood,,12/24/2023 10:32:00
Nervous,"December 23, 2023 at 08:52PM",mood,,12/24/2023 10:52:00
Хожу по магизну,"December 23, 2023 at 08:53PM",note,nervous,12/24/2023 10:53:00
Neutral,"December 23, 2023 at 10:10PM",mood,,12/24/2023 12:10:00
Nervous,"December 23, 2023 at 11:26PM",mood,,12/24/2023 13:26:00
Nervous,"December 24, 2023 at 12:48AM",mood,,12/24/2023 14:48:00
Neutral,"December 24, 2023 at 04:14AM",mood,,12/24/2023 18:14:00
Neutral,"December 24, 2023 at 08:33AM",mood,,12/24/2023 22:33:00
Nervous,"December 24, 2023 at 04:13PM",mood,,12/25/2023 6:13:00
Nervous,"December 24, 2023 at 06:15PM",mood,,12/25/2023 8:15:00
Neutral,"December 24, 2023 at 07:25PM",mood,,12/25/2023 9:25:00
Neutral,"December 24, 2023 at 07:30PM",mood,,12/25/2023 9:30:00
Neutral,"December 25, 2023 at 01:49AM",mood,,12/25/2023 15:49:00
Happy,"December 25, 2023 at 05:19AM",mood,,12/25/2023 19:19:00
Гости ушли. Кайфую под свою музыку,"December 25, 2023 at 05:19AM",note,happy,12/25/2023 19:19:00
Happy,"December 25, 2023 at 10:56AM",mood,,12/26/2023 0:56:00
Nervous,"December 25, 2023 at 06:53PM",mood,,12/26/2023 8:53:00
Happy,"December 25, 2023 at 10:39PM",mood,,12/26/2023 12:39:00
Happy,"December 26, 2023 at 12:33AM",mood,,12/26/2023 14:33:00
Neutral,"December 26, 2023 at 03:33AM",mood,,12/26/2023 17:33:00
Neutral,"December 26, 2023 at 05:34AM",mood,,12/26/2023 19:34:00
Neutral,"December 26, 2023 at 06:11AM",mood,,12/26/2023 20:11:00
Happy,"December 26, 2023 at 08:57AM",mood,,12/26/2023 22:57:00
Neutral,"December 26, 2023 at 08:31PM",mood,,12/27/2023 10:31:00
Nervous,"December 26, 2023 at 09:09PM",mood,,12/27/2023 11:09:00
Neutral,"December 26, 2023 at 09:53PM",mood,,12/27/2023 11:53:00
Nervous,"December 26, 2023 at 10:27PM",mood,,12/27/2023 12:27:00
Nervous,"December 27, 2023 at 02:56AM",mood,,12/27/2023 16:56:00
Neutral,"December 27, 2023 at 04:52AM",mood,,12/27/2023 18:52:00
Neutral,"December 27, 2023 at 05:32AM",mood,,12/27/2023 19:32:00
Happy,"December 27, 2023 at 06:40AM",mood,,12/27/2023 20:40:00
Happy,"December 27, 2023 at 07:54AM",mood,,12/27/2023 21:54:00
Neutral,"December 27, 2023 at 08:23PM",mood,,12/28/2023 10:23:00
Neutral,"December 27, 2023 at 08:23PM",mood,,12/28/2023 10:23:00
Happy,"December 27, 2023 at 10:00PM",mood,,12/28/2023 12:00:00
Neutral,"December 27, 2023 at 10:16PM",mood,,12/28/2023 12:16:00
Nervous,"December 27, 2023 at 10:35PM",mood,,12/28/2023 12:35:00
Nervous,"December 27, 2023 at 11:16PM",mood,,12/28/2023 13:16:00
Neutral,"December 28, 2023 at 01:21AM",mood,,12/28/2023 15:21:00
Neutral,"December 28, 2023 at 05:19AM",mood,,12/28/2023 19:19:00
Nervous,"December 28, 2023 at 07:14PM",mood,,12/29/2023 9:14:00
"Гонт рука и увидел пост про человека понявшего свою миссию, а у меня своей нет","December 28, 2023 at 07:15PM",note,nervous,12/29/2023 9:15:00
Nervous,"December 28, 2023 at 10:36PM",mood,,12/29/2023 12:36:00
Nervous,"December 28, 2023 at 10:44PM",mood,,12/29/2023 12:44:00
Nervous,"December 29, 2023 at 01:19AM",mood,,12/29/2023 15:19:00
Nervous,"December 29, 2023 at 01:53AM",mood,,12/29/2023 15:53:00
Neutral,"December 29, 2023 at 01:53AM",mood,,12/29/2023 15:53:00
Neutral,"December 29, 2023 at 03:16AM",mood,,12/29/2023 17:16:00
Neutral,"December 29, 2023 at 03:29AM",mood,,12/29/2023 17:29:00
Nervous,"December 29, 2023 at 03:41AM",mood,,12/29/2023 17:41:00
Neutral,"December 29, 2023 at 08:04AM",mood,,12/29/2023 22:04:00
Neutral,"December 29, 2023 at 06:52PM",mood,,12/30/2023 8:52:00
Neutral,"December 29, 2023 at 09:03PM",mood,,12/30/2023 11:03:00
Neutral,"December 29, 2023 at 10:18PM",mood,,12/30/2023 12:18:00
Neutral,"December 29, 2023 at 10:47PM",mood,,12/30/2023 12:47:00
Neutral,"December 29, 2023 at 11:32PM",mood,,12/30/2023 13:32:00
Happy,"December 30, 2023 at 01:29AM",mood,,12/30/2023 15:29:00
Nervous,"December 30, 2023 at 04:30AM",mood,,12/30/2023 18:30:00
Neutral,"December 30, 2023 at 06:13AM",mood,,12/30/2023 20:13:00
Nervous,"December 30, 2023 at 09:05PM",mood,,12/31/2023 11:05:00
Neutral,"December 30, 2023 at 09:05PM",mood,,12/31/2023 11:05:00
Nervous,"December 31, 2023 at 06:03AM",mood,,12/31/2023 20:03:00
Nervous,"December 31, 2023 at 06:41AM",mood,,12/31/2023 20:41:00
Nervous,"December 31, 2023 at 08:25AM",mood,,12/31/2023 22:25:00
Алкоголь плюс поход к Кадыровым развалили,"December 31, 2023 at 08:25AM",note,nervous,12/31/2023 22:25:00
Happy,"December 31, 2023 at 09:08PM",mood,,1/1/2024 11:08:00
Nervous,"December 31, 2023 at 11:32PM",mood,,1/1/2024 13:32:00
Neutral,"December 31, 2023 at 11:32PM",mood,,1/1/2024 13:32:00
Happy,"December 31, 2023 at 11:32PM",mood,,1/1/2024 13:32:00
Happy,"December 31, 2023 at 11:47PM",mood,,1/1/2024 13:47:00
Neutral,"January 1, 2024 at 01:21AM",mood,,1/1/2024 15:21:00
Neutral,"January 1, 2024 at 03:03AM",mood,,1/1/2024 17:03:00
Neutral,"January 1, 2024 at 03:41AM",mood,,1/1/2024 17:41:00
Nervous,"January 1, 2024 at 03:49AM",mood,,1/1/2024 17:49:00
Nervous,"January 1, 2024 at 03:52AM",mood,,1/1/2024 17:52:00
Neutral,"January 1, 2024 at 03:54AM",mood,,1/1/2024 17:54:00
Nervous,"January 01, 2024 at 06:13AM",mood,,1/1/2024 20:13:00
Nervous,"January 01, 2024 at 06:13AM",mood,,1/1/2024 20:13:00
Neutral,"January 01, 2024 at 08:07PM",mood,,1/2/2024 10:07:00
Happy,"January 1, 2024 at 10:08PM",mood,,1/2/2024 12:08:00
Nervous,"January 01, 2024 at 11:15PM",mood,,1/2/2024 13:15:00
Сломался пылесос и потерялся гарантийный чек,"January 01, 2024 at 11:15PM",note,nervous,1/2/2024 13:15:00
Neutral,"January 02, 2024 at 12:44AM",mood,,1/2/2024 14:44:00
Happy,"January 02, 2024 at 02:29AM",mood,,1/2/2024 16:29:00
Neutral,"January 02, 2024 at 03:55AM",mood,,1/2/2024 17:55:00
Neutral,"January 02, 2024 at 05:18AM",mood,,1/2/2024 19:18:00
Neutral,"January 02, 2024 at 07:44AM",mood,,1/2/2024 21:44:00
Neutral,"January 02, 2024 at 08:38PM",mood,,1/3/2024 10:38:00
Nervous,"January 02, 2024 at 11:42PM",mood,,1/3/2024 13:42:00
Neutral,"January 3, 2024 at 02:01AM",mood,,1/3/2024 16:01:00
Nervous,"January 3, 2024 at 02:22AM",mood,,1/3/2024 16:22:00
Neutral,"January 3, 2024 at 03:00AM",mood,,1/3/2024 17:00:00
Nervous,"January 3, 2024 at 04:59AM",mood,,1/3/2024 18:59:00
Neutral,"January 3, 2024 at 05:52AM",mood,,1/3/2024 19:52:00
Не более 2 часов игр в день. Потом это уже не отдых,"January 03, 2024 at 10:21AM",note,nervous,1/4/2024 0:21:00
Neutral,"January 3, 2024 at 08:57PM",mood,,1/4/2024 10:57:00
Neutral,"January 3, 2024 at 09:41PM",mood,,1/4/2024 11:41:00
Nervous,"January 3, 2024 at 10:28PM",mood,,1/4/2024 12:28:00
Neutral,"January 04, 2024 at 12:45AM",mood,,1/4/2024 14:45:00
Neutral,"January 4, 2024 at 01:33AM",mood,,1/4/2024 15:33:00
Neutral,"January 04, 2024 at 05:45AM",mood,,1/4/2024 19:45:00
Neutral,"January 4, 2024 at 09:34PM",mood,,1/5/2024 11:34:00
Neutral,"January 5, 2024 at 01:33AM",mood,,1/5/2024 15:33:00
Neutral,"January 05, 2024 at 08:19AM",mood,,1/5/2024 22:19:00
Happy,"January 05, 2024 at 09:23AM",mood,,1/5/2024 23:23:00
Neutral,"January 5, 2024 at 07:28PM",mood,,1/6/2024 9:28:00
Happy,"January 05, 2024 at 09:08PM",mood,,1/6/2024 11:08:00
Приготовил онигири,"January 05, 2024 at 09:08PM",note,happy,1/6/2024 11:08:00
Neutral,"January 5, 2024 at 11:09PM",mood,,1/6/2024 13:09:00
Neutral,"January 6, 2024 at 12:55AM",mood,,1/6/2024 14:55:00
Happy,"January 06, 2024 at 09:31AM",mood,,1/6/2024 23:31:00
Happy,"January 06, 2024 at 07:39PM",mood,,1/7/2024 9:39:00
Happy,"January 6, 2024 at 07:40PM",mood,,1/7/2024 9:40:00
Планирую год на Камани в одиночестве,"January 06, 2024 at 07:41PM",note,happy,1/7/2024 9:41:00
Neutral,"January 6, 2024 at 08:51PM",mood,,1/7/2024 10:51:00
Neutral,"January 07, 2024 at 02:20AM",mood,,1/7/2024 16:20:00
Nervous,"January 7, 2024 at 04:09AM",mood,,1/7/2024 18:09:00
Nervous,"January 07, 2024 at 06:30AM",mood,,1/7/2024 20:30:00
Neutral,"January 07, 2024 at 08:57PM",mood,,1/8/2024 10:57:00
Nervous,"January 7, 2024 at 10:26PM",mood,,1/8/2024 12:26:00
Nervous,"January 8, 2024 at 12:28AM",mood,,1/8/2024 14:28:00
Nervous,"January 8, 2024 at 12:29AM",mood,,1/8/2024 14:29:00
Neutral,"January 08, 2024 at 07:19AM",mood,,1/8/2024 21:19:00
Neutral,"January 08, 2024 at 03:12PM",mood,,1/9/2024 5:12:00
Neutral,"January 8, 2024 at 10:15PM",mood,,1/9/2024 12:15:00
Happy,"January 8, 2024 at 10:18PM",mood,,1/9/2024 12:18:00
Nervous,"January 8, 2024 at 10:38PM",mood,,1/9/2024 12:38:00
Nervous,"January 09, 2024 at 02:15AM",mood,,1/9/2024 16:15:00
Nervous,"January 09, 2024 at 03:28AM",mood,,1/9/2024 17:28:00
Neutral,"January 09, 2024 at 03:28AM",mood,,1/9/2024 17:28:00
Уехали родители - у меня апатия. Опять как будто долго сдерживался и отхожу,"January 09, 2024 at 03:34AM",note,nervous,1/9/2024 17:34:00
Neutral,"January 09, 2024 at 04:14AM",mood,,1/9/2024 18:14:00
Neutral,"January 09, 2024 at 11:16AM",mood,,1/10/2024 1:16:00
Nervous,"January 9, 2024 at 08:35PM",mood,,1/10/2024 10:35:00
Neutral,"January 9, 2024 at 08:39PM",mood,,1/10/2024 10:39:00
Neutral,"January 9, 2024 at 08:40PM",mood,,1/10/2024 10:40:00
Neutral,"January 9, 2024 at 09:05PM",mood,,1/10/2024 11:05:00
Nervous,"January 9, 2024 at 09:51PM",mood,,1/10/2024 11:51:00
Neutral,"January 9, 2024 at 10:27PM",mood,,1/10/2024 12:27:00
Happy,"January 9, 2024 at 10:58PM",mood,,1/10/2024 12:58:00
Happy,"January 09, 2024 at 11:18PM",mood,,1/10/2024 13:18:00
Накатило много дел - помедитировал и отпустил тревожность,"January 09, 2024 at 11:18PM",note,happy,1/10/2024 13:18:00
Neutral,"January 9, 2024 at 11:35PM",mood,,1/10/2024 13:35:00
Neutral,"January 10, 2024 at 12:27AM",mood,,1/10/2024 14:27:00
Neutral,"January 10, 2024 at 12:56AM",mood,,1/10/2024 14:56:00
Happy,"January 10, 2024 at 04:08AM",mood,,1/10/2024 18:08:00
Neutral,"January 10, 2024 at 04:33AM",mood,,1/10/2024 18:33:00
Neutral,"January 10, 2024 at 06:45AM",mood,,1/10/2024 20:45:00
Neutral,"January 10, 2024 at 09:24AM",mood,,1/10/2024 23:24:00
Neutral,"January 10, 2024 at 08:10PM",mood,,1/11/2024 10:10:00
Nervous,"January 10, 2024 at 10:01PM",mood,,1/11/2024 12:01:00
Nervous,"January 10, 2024 at 10:27PM",mood,,1/11/2024 12:27:00
Neutral,"January 10, 2024 at 10:43PM",mood,,1/11/2024 12:43:00
Neutral,"January 10, 2024 at 11:20PM",mood,,1/11/2024 13:20:00
Happy,"January 11, 2024 at 12:27AM",mood,,1/11/2024 14:27:00
Neutral,"January 11, 2024 at 02:53AM",mood,,1/11/2024 16:53:00
Nervous,"January 11, 2024 at 04:01AM",mood,,1/11/2024 18:01:00
Neutral,"January 11, 2024 at 04:14AM",mood,,1/11/2024 18:14:00
Neutral,"January 11, 2024 at 05:01AM",mood,,1/11/2024 19:01:00
Neutral,"January 11, 2024 at 08:07PM",mood,,1/12/2024 10:07:00
Nervous,"January 11, 2024 at 09:09PM",mood,,1/12/2024 11:09:00
Nervous,"January 11, 2024 at 11:15PM",mood,,1/12/2024 13:15:00
Болею,"January 11, 2024 at 11:15PM",note,nervous,1/12/2024 13:15:00
Neutral,"January 15, 2024 at 06:14PM",mood,,1/16/2024 8:14:00
Neutral,"January 15, 2024 at 07:38PM",mood,,1/16/2024 9:38:00
Neutral,"January 15, 2024 at 09:41PM",mood,,1/16/2024 11:41:00
Neutral,"January 16, 2024 at 12:44AM",mood,,1/16/2024 14:44:00
Neutral,"January 16, 2024 at 02:12AM",mood,,1/16/2024 16:12:00
Neutral,"January 16, 2024 at 03:05AM",mood,,1/16/2024 17:05:00
Neutral,"January 16, 2024 at 05:10AM",mood,,1/16/2024 19:10:00
Neutral,"January 16, 2024 at 05:58AM",mood,,1/16/2024 19:58:00
Happy,"January 16, 2024 at 07:55AM",mood,,1/16/2024 21:55:00
Nervous,"January 16, 2024 at 05:59PM",mood,,1/17/2024 7:59:00
Nervous,"January 16, 2024 at 06:17PM",mood,,1/17/2024 8:17:00
Nervous,"January 16, 2024 at 06:18PM",mood,,1/17/2024 8:18:00
Neutral,"January 16, 2024 at 07:00PM",mood,,1/17/2024 9:00:00
Neutral,"January 16, 2024 at 08:32PM",mood,,1/17/2024 10:32:00
Neutral,"January 16, 2024 at 11:24PM",mood,,1/17/2024 13:24:00
Happy,"January 17, 2024 at 02:19AM",mood,,1/17/2024 16:19:00
Happy,"January 17, 2024 at 03:03AM",mood,,1/17/2024 17:03:00
Happy,"January 17, 2024 at 03:04AM",mood,,1/17/2024 17:04:00
Happy,"January 17, 2024 at 03:04AM",mood,,1/17/2024 17:04:00
Happy,"January 17, 2024 at 04:09AM",mood,,1/17/2024 18:09:00
Nervous,"January 17, 2024 at 06:04AM",mood,,1/17/2024 20:04:00
Nervous,"January 17, 2024 at 07:43PM",mood,,1/18/2024 9:43:00
Nervous,"January 17, 2024 at 09:16PM",mood,,1/18/2024 11:16:00
Neutral,"January 17, 2024 at 09:24PM",mood,,1/18/2024 11:24:00
Neutral,"January 17, 2024 at 11:15PM",mood,,1/18/2024 13:15:00
Happy,"January 18, 2024 at 02:53AM",mood,,1/18/2024 16:53:00
Nervous,"January 18, 2024 at 04:29AM",mood,,1/18/2024 18:29:00
Neutral,"January 18, 2024 at 06:05AM",mood,,1/18/2024 20:05:00
Neutral,"January 18, 2024 at 08:18AM",mood,,1/18/2024 22:18:00
Neutral,"January 18, 2024 at 06:59PM",mood,,1/19/2024 8:59:00
Neutral,"January 18, 2024 at 09:18PM",mood,,1/19/2024 11:18:00
Nervous,"January 18, 2024 at 09:20PM",mood,,1/19/2024 11:20:00
Neutral,"January 18, 2024 at 10:12PM",mood,,1/19/2024 12:12:00
Nervous,"January 18, 2024 at 10:59PM",mood,,1/19/2024 12:59:00
Nervous,"January 19, 2024 at 12:17AM",mood,,1/19/2024 14:17:00
Neutral,"January 19, 2024 at 02:08AM",mood,,1/19/2024 16:08:00
Neutral,"January 19, 2024 at 03:00AM",mood,,1/19/2024 17:00:00
Happy,"January 19, 2024 at 06:15AM",mood,,1/19/2024 20:15:00
Happy,"January 19, 2024 at 07:02AM",mood,,1/19/2024 21:02:00
Happy,"January 19, 2024 at 07:07AM",mood,,1/19/2024 21:07:00
Neutral,"January 19, 2024 at 07:16AM",mood,,1/19/2024 21:16:00
Nervous,"January 19, 2024 at 08:14PM",mood,,1/20/2024 10:14:00
Nervous,"January 19, 2024 at 08:50PM",mood,,1/20/2024 10:50:00
Nervous,"January 19, 2024 at 11:24PM",mood,,1/20/2024 13:24:00
Neutral,"January 20, 2024 at 03:26AM",mood,,1/20/2024 17:26:00
Nervous,"January 20, 2024 at 06:31AM",mood,,1/20/2024 20:31:00
Neutral,"January 20, 2024 at 09:02PM",mood,,1/21/2024 11:02:00
Neutral,"January 20, 2024 at 09:37PM",mood,,1/21/2024 11:37:00
Neutral,"January 20, 2024 at 10:02PM",mood,,1/21/2024 12:02:00
Neutral,"January 20, 2024 at 11:45PM",mood,,1/21/2024 13:45:00
Nervous,"January 21, 2024 at 12:00AM",mood,,1/21/2024 14:00:00
Neutral,"January 21, 2024 at 02:48AM",mood,,1/21/2024 16:48:00
Neutral,"January 21, 2024 at 06:34AM",mood,,1/21/2024 20:34:00
Neutral,"January 21, 2024 at 08:15PM",mood,,1/22/2024 10:15:00
Neutral,"January 21, 2024 at 08:29PM",mood,,1/22/2024 10:29:00
Nervous,"January 21, 2024 at 08:35PM",mood,,1/22/2024 10:35:00
Neutral,"January 21, 2024 at 09:20PM",mood,,1/22/2024 11:20:00
Nervous,"January 21, 2024 at 09:20PM",mood,,1/22/2024 11:20:00
Neutral,"January 21, 2024 at 10:33PM",mood,,1/22/2024 12:33:00
Neutral,"January 21, 2024 at 11:58PM",mood,,1/22/2024 13:58:00
Neutral,"January 22, 2024 at 12:30AM",mood,,1/22/2024 14:30:00
Nervous,"January 22, 2024 at 12:47AM",mood,,1/22/2024 14:47:00
Neutral,"January 22, 2024 at 01:53AM",mood,,1/22/2024 15:53:00
Nervous,"January 22, 2024 at 02:54AM",mood,,1/22/2024 16:54:00
Neutral,"January 22, 2024 at 03:16AM",mood,,1/22/2024 17:16:00
Neutral,"January 22, 2024 at 05:34AM",mood,,1/22/2024 19:34:00
Neutral,"January 22, 2024 at 05:34AM",mood,,1/22/2024 19:34:00
Happy,"January 22, 2024 at 05:46PM",mood,,1/23/2024 7:46:00
Neutral,"January 22, 2024 at 06:48PM",mood,,1/23/2024 8:48:00
Nervous,"January 22, 2024 at 08:40PM",mood,,1/23/2024 10:40:00
Neutral,"January 22, 2024 at 10:07PM",mood,,1/23/2024 12:07:00
Neutral,"January 22, 2024 at 10:52PM",mood,,1/23/2024 12:52:00
Neutral,"January 22, 2024 at 11:44PM",mood,,1/23/2024 13:44:00
Neutral,"January 22, 2024 at 11:52PM",mood,,1/23/2024 13:52:00
Happy,"January 23, 2024 at 01:44AM",mood,,1/23/2024 15:44:00
Nervous,"January 23, 2024 at 02:24AM",mood,,1/23/2024 16:24:00
Neutral,"January 23, 2024 at 02:46AM",mood,,1/23/2024 16:46:00
Neutral,"January 23, 2024 at 04:44AM",mood,,1/23/2024 18:44:00
Neutral,"January 23, 2024 at 08:12AM",mood,,1/23/2024 22:12:00
Neutral,"January 23, 2024 at 06:07PM",mood,,1/24/2024 8:07:00
Nervous,"January 23, 2024 at 08:28PM",mood,,1/24/2024 10:28:00
Nervous,"January 23, 2024 at 09:37PM",mood,,1/24/2024 11:37:00
Neutral,"January 24, 2024 at 02:18AM",mood,,1/24/2024 16:18:00
Nervous,"January 24, 2024 at 02:25AM",mood,,1/24/2024 16:25:00
Neutral,"January 24, 2024 at 03:22AM",mood,,1/24/2024 17:22:00
Neutral,"January 24, 2024 at 04:21AM",mood,,1/24/2024 18:21:00
Happy,"January 24, 2024 at 05:55AM",mood,,1/24/2024 19:55:00
Happy,"January 24, 2024 at 07:26AM",mood,,1/24/2024 21:26:00
Happy,"January 24, 2024 at 07:36AM",mood,,1/24/2024 21:36:00
Happy,"January 24, 2024 at 07:51AM",mood,,1/24/2024 21:51:00
Happy,"January 24, 2024 at 08:02AM",mood,,1/24/2024 22:02:00
Квиз,"January 24, 2024 at 09:01AM",note,happy,1/24/2024 23:01:00
Neutral,"January 24, 2024 at 06:00PM",mood,,1/25/2024 8:00:00
Neutral,"January 24, 2024 at 10:03PM",mood,,1/25/2024 12:03:00
Nervous,"January 24, 2024 at 11:15PM",mood,,1/25/2024 13:15:00
Nervous,"January 25, 2024 at 01:36AM",mood,,1/25/2024 15:36:00
Nervous,"January 25, 2024 at 03:09AM",mood,,1/25/2024 17:09:00
Nervous,"January 25, 2024 at 04:25AM",mood,,1/25/2024 18:25:00
Neutral,"January 25, 2024 at 05:04AM",mood,,1/25/2024 19:04:00
Nervous,"January 25, 2024 at 08:15AM",mood,,1/25/2024 22:15:00
Neutral,"January 25, 2024 at 06:00PM",mood,,1/26/2024 8:00:00
Neutral,"January 25, 2024 at 06:06PM",mood,,1/26/2024 8:06:00
Happy,"January 26, 2024 at 12:19AM",mood,,1/26/2024 14:19:00
"Сделал задачу, погрузился и хорошо поработал","January 26, 2024 at 12:19AM",note,happy,1/26/2024 14:19:00
Всю неделю не мог нормально работать - непонятные задачи,"January 26, 2024 at 12:19AM",note,nervous,1/26/2024 14:19:00
Neutral,"January 26, 2024 at 01:06AM",mood,,1/26/2024 15:06:00
Neutral,"January 26, 2024 at 04:16AM",mood,,1/26/2024 18:16:00
Neutral,"January 26, 2024 at 06:06AM",mood,,1/26/2024 20:06:00
Neutral,"January 26, 2024 at 09:32AM",mood,,1/26/2024 23:32:00
Happy,"January 26, 2024 at 09:32AM",mood,,1/26/2024 23:32:00
Neutral,"January 26, 2024 at 07:40PM",mood,,1/27/2024 9:40:00
Happy,"January 26, 2024 at 08:27PM",mood,,1/27/2024 10:27:00
Neutral,"January 26, 2024 at 10:07PM",mood,,1/27/2024 12:07:00
Happy,"January 26, 2024 at 10:53PM",mood,,1/27/2024 12:53:00
Neutral,"January 27, 2024 at 12:41AM",mood,,1/27/2024 14:41:00
Neutral,"January 27, 2024 at 08:12AM",mood,,1/27/2024 22:12:00
Neutral,"January 27, 2024 at 09:09PM",mood,,1/28/2024 11:09:00
Happy,"January 27, 2024 at 10:33PM",mood,,1/28/2024 12:33:00
Happy,"January 28, 2024 at 12:02AM",mood,,1/28/2024 14:02:00
Neutral,"January 28, 2024 at 12:30AM",mood,,1/28/2024 14:30:00
Neutral,"January 28, 2024 at 01:32AM",mood,,1/28/2024 15:32:00
Happy,"January 28, 2024 at 02:20AM",mood,,1/28/2024 16:20:00
Neutral,"January 28, 2024 at 03:00AM",mood,,1/28/2024 17:00:00
Neutral,"January 28, 2024 at 03:02AM",mood,,1/28/2024 17:02:00
Neutral,"January 28, 2024 at 03:43AM",mood,,1/28/2024 17:43:00
Neutral,"January 28, 2024 at 04:32AM",mood,,1/28/2024 18:32:00
Nervous,"January 28, 2024 at 06:23AM",mood,,1/28/2024 20:23:00
Neutral,"January 28, 2024 at 06:01PM",mood,,1/29/2024 8:01:00
Neutral,"January 28, 2024 at 06:44PM",mood,,1/29/2024 8:44:00
Nervous,"January 28, 2024 at 07:31PM",mood,,1/29/2024 9:31:00
Neutral,"January 28, 2024 at 10:14PM",mood,,1/29/2024 12:14:00
Happy,"January 28, 2024 at 11:33PM",mood,,1/29/2024 13:33:00
Neutral,"January 29, 2024 at 12:25AM",mood,,1/29/2024 14:25:00
Neutral,"January 29, 2024 at 12:57AM",mood,,1/29/2024 14:57:00
Neutral,"January 29, 2024 at 03:43AM",mood,,1/29/2024 17:43:00
Happy,"January 29, 2024 at 04:58AM",mood,,1/29/2024 18:58:00
Neutral,"January 29, 2024 at 05:54AM",mood,,1/29/2024 19:54:00
Сессия с коучем,"January 29, 2024 at 08:59AM",note,happy,1/29/2024 22:59:00
Neutral,"January 29, 2024 at 06:16PM",mood,,1/30/2024 8:16:00
Neutral,"January 29, 2024 at 07:15PM",mood,,1/30/2024 9:15:00
Nervous,"January 29, 2024 at 08:13PM",mood,,1/30/2024 10:13:00
Nervous,"January 29, 2024 at 08:29PM",mood,,1/30/2024 10:29:00
Neutral,"January 29, 2024 at 08:59PM",mood,,1/30/2024 10:59:00
Nervous,"January 29, 2024 at 10:40PM",mood,,1/30/2024 12:40:00
Happy,"January 29, 2024 at 11:01PM",mood,,1/30/2024 13:01:00
Happy,"January 29, 2024 at 11:01PM",mood,,1/30/2024 13:01:00
Neutral,"January 29, 2024 at 11:47PM",mood,,1/30/2024 13:47:00
Happy,"January 30, 2024 at 02:45AM",mood,,1/30/2024 16:45:00
Happy,"January 30, 2024 at 05:46AM",mood,,1/30/2024 19:46:00
Neutral,"January 30, 2024 at 08:07AM",mood,,1/30/2024 22:07:00
Neutral,"January 30, 2024 at 06:00PM",mood,,1/31/2024 8:00:00
Nervous,"January 30, 2024 at 07:33PM",mood,,1/31/2024 9:33:00
Neutral,"January 30, 2024 at 08:28PM",mood,,1/31/2024 10:28:00
Neutral,"January 31, 2024 at 12:39AM",mood,,1/31/2024 14:39:00
Nervous,"January 31, 2024 at 01:08AM",mood,,1/31/2024 15:08:00
Neutral,"January 31, 2024 at 01:09AM",mood,,1/31/2024 15:09:00
Neutral,"January 31, 2024 at 03:48AM",mood,,1/31/2024 17:48:00
Nervous,"January 31, 2024 at 06:31AM",mood,,1/31/2024 20:31:00
Neutral,"January 31, 2024 at 06:04PM",mood,,2/1/2024 8:04:00
Neutral,"January 31, 2024 at 07:44PM",mood,,2/1/2024 9:44:00
Neutral,"January 31, 2024 at 11:04PM",mood,,2/1/2024 13:04:00
Neutral,"February 1, 2024 at 02:09AM",mood,,2/1/2024 16:09:00
Nervous,"February 1, 2024 at 02:12AM",mood,,2/1/2024 16:12:00
Neutral,"February 01, 2024 at 02:40AM",mood,,2/1/2024 16:40:00
Neutral,"February 01, 2024 at 05:01AM",mood,,2/1/2024 19:01:00
Neutral,"February 1, 2024 at 05:40AM",mood,,2/1/2024 19:40:00
Happy,"February 1, 2024 at 05:40AM",mood,,2/1/2024 19:40:00
Neutral,"February 1, 2024 at 07:56AM",mood,,2/1/2024 21:56:00
Nervous,"February 1, 2024 at 07:08PM",mood,,2/2/2024 9:08:00
Neutral,"February 01, 2024 at 07:15PM",mood,,2/2/2024 9:15:00
Nervous,"February 1, 2024 at 09:51PM",mood,,2/2/2024 11:51:00
Nervous,"February 1, 2024 at 09:53PM",mood,,2/2/2024 11:53:00
Neutral,"February 1, 2024 at 10:57PM",mood,,2/2/2024 12:57:00
Neutral,"February 2, 2024 at 01:02AM",mood,,2/2/2024 15:02:00
Neutral,"February 2, 2024 at 02:01AM",mood,,2/2/2024 16:01:00
Neutral,"February 2, 2024 at 02:30AM",mood,,2/2/2024 16:30:00
Happy,"February 2, 2024 at 02:38AM",mood,,2/2/2024 16:38:00
Neutral,"February 2, 2024 at 02:39AM",mood,,2/2/2024 16:39:00
Neutral,"February 2, 2024 at 03:36AM",mood,,2/2/2024 17:36:00
Neutral,"February 2, 2024 at 05:00AM",mood,,2/2/2024 19:00:00
Neutral,"February 02, 2024 at 06:04AM",mood,,2/2/2024 20:04:00
Neutral,"February 2, 2024 at 07:39PM",mood,,2/3/2024 9:39:00
Neutral,"February 2, 2024 at 09:57PM",mood,,2/3/2024 11:57:00
Nervous,"February 2, 2024 at 10:00PM",mood,,2/3/2024 12:00:00
Neutral,"February 2, 2024 at 10:00PM",mood,,2/3/2024 12:00:00
Neutral,"February 2, 2024 at 11:19PM",mood,,2/3/2024 13:19:00
Neutral,"February 2, 2024 at 11:39PM",mood,,2/3/2024 13:39:00
Neutral,"February 3, 2024 at 12:59AM",mood,,2/3/2024 14:59:00
Happy,"February 03, 2024 at 05:04AM",mood,,2/3/2024 19:04:00
Neutral,"February 03, 2024 at 05:04AM",mood,,2/3/2024 19:04:00
Neutral,"February 03, 2024 at 07:40PM",mood,,2/4/2024 9:40:00
Nervous,"February 3, 2024 at 08:42PM",mood,,2/4/2024 10:42:00
Neutral,"February 3, 2024 at 09:55PM",mood,,2/4/2024 11:55:00
Happy,"February 3, 2024 at 10:34PM",mood,,2/4/2024 12:34:00
Neutral,"February 04, 2024 at 12:16AM",mood,,2/4/2024 14:16:00
Nervous,"February 4, 2024 at 01:13AM",mood,,2/4/2024 15:13:00
Neutral,"February 4, 2024 at 01:13AM",mood,,2/4/2024 15:13:00
Nervous,"February 4, 2024 at 01:13AM",mood,,2/4/2024 15:13:00
Nervous,"February 4, 2024 at 01:13AM",mood,,2/4/2024 15:13:00
Nervous,"February 4, 2024 at 01:13AM",mood,,2/4/2024 15:13:00
Neutral,"February 04, 2024 at 06:15AM",mood,,2/4/2024 20:15:00
Neutral,"February 04, 2024 at 07:34AM",mood,,2/4/2024 21:34:00
Neutral,"February 04, 2024 at 06:44PM",mood,,2/5/2024 8:44:00
Neutral,"February 04, 2024 at 08:18PM",mood,,2/5/2024 10:18:00
Nervous,"February 04, 2024 at 08:26PM",mood,,2/5/2024 10:26:00
Neutral,"February 04, 2024 at 10:14PM",mood,,2/5/2024 12:14:00
Neutral,"February 4, 2024 at 11:24PM",mood,,2/5/2024 13:24:00
Neutral,"February 04, 2024 at 11:34PM",mood,,2/5/2024 13:34:00
Nervous,"February 5, 2024 at 12:30AM",mood,,2/5/2024 14:30:00
Nervous,"February 5, 2024 at 12:59AM",mood,,2/5/2024 14:59:00
Neutral,"February 5, 2024 at 01:59AM",mood,,2/5/2024 15:59:00
Happy,"February 05, 2024 at 03:09AM",mood,,2/5/2024 17:09:00
Neutral,"February 05, 2024 at 05:21AM",mood,,2/5/2024 19:21:00
Neutral,"February 05, 2024 at 08:22PM",mood,,2/6/2024 10:22:00
Nervous,"February 05, 2024 at 08:22PM",mood,,2/6/2024 10:22:00
Neutral,"February 05, 2024 at 09:27PM",mood,,2/6/2024 11:27:00
Neutral,"February 05, 2024 at 11:55PM",mood,,2/6/2024 13:55:00
Neutral,"February 05, 2024 at 11:55PM",mood,,2/6/2024 13:55:00
Happy,"February 06, 2024 at 01:19AM",mood,,2/6/2024 15:19:00
Neutral,"February 06, 2024 at 04:38AM",mood,,2/6/2024 18:38:00
Neutral,"February 06, 2024 at 06:43AM",mood,,2/6/2024 20:43:00
Neutral,"February 06, 2024 at 08:17AM",mood,,2/6/2024 22:17:00
Neutral,"February 6, 2024 at 08:22AM",mood,,2/6/2024 22:22:00
Neutral,"February 06, 2024 at 06:42PM",mood,,2/7/2024 8:42:00
Neutral,"February 6, 2024 at 07:22PM",mood,,2/7/2024 9:22:00
Happy,"February 6, 2024 at 07:29PM",mood,,2/7/2024 9:29:00
Neutral,"February 06, 2024 at 10:41PM",mood,,2/7/2024 12:41:00
Nervous,"February 06, 2024 at 11:47PM",mood,,2/7/2024 13:47:00
Nervous,"February 06, 2024 at 11:47PM",mood,,2/7/2024 13:47:00
Neutral,"February 07, 2024 at 01:08AM",mood,,2/7/2024 15:08:00
Nervous,"February 7, 2024 at 02:02AM",mood,,2/7/2024 16:02:00
Nervous,"February 7, 2024 at 02:34AM",mood,,2/7/2024 16:34:00
Nervous,"February 7, 2024 at 03:50AM",mood,,2/7/2024 17:50:00
Начал терапию,"February 07, 2024 at 04:19AM",note,nervous,2/7/2024 18:19:00
Neutral,"February 7, 2024 at 05:51AM",mood,,2/7/2024 19:51:00
Happy,"February 7, 2024 at 06:57AM",mood,,2/7/2024 20:57:00
Happy,"February 7, 2024 at 07:22AM",mood,,2/7/2024 21:22:00
Happy,"February 7, 2024 at 08:38AM",mood,,2/7/2024 22:38:00
Neutral,"February 7, 2024 at 05:49PM",mood,,2/8/2024 7:49:00
Nervous,"February 7, 2024 at 05:53PM",mood,,2/8/2024 7:53:00
Neutral,"February 07, 2024 at 06:11PM",mood,,2/8/2024 8:11:00
Болела голова ночью,"February 07, 2024 at 06:11PM",note,nervous,2/8/2024 8:11:00
Neutral,"February 7, 2024 at 07:08PM",mood,,2/8/2024 9:08:00
Neutral,"February 07, 2024 at 08:14PM",mood,,2/8/2024 10:14:00
Neutral,"February 07, 2024 at 10:14PM",mood,,2/8/2024 12:14:00
Happy,"February 8, 2024 at 12:53AM",mood,,2/8/2024 14:53:00
Neutral,"February 8, 2024 at 02:11AM",mood,,2/8/2024 16:11:00
Nervous,"February 8, 2024 at 02:11AM",mood,,2/8/2024 16:11:00
Happy,"February 8, 2024 at 02:16AM",mood,,2/8/2024 16:16:00
Neutral,"February 08, 2024 at 05:18AM",mood,,2/8/2024 19:18:00
Happy,"February 8, 2024 at 06:20PM",mood,,2/9/2024 8:20:00
Happy,"February 8, 2024 at 06:35PM",mood,,2/9/2024 8:35:00
Happy,"February 8, 2024 at 06:35PM",mood,,2/9/2024 8:35:00
Happy,"February 8, 2024 at 06:35PM",mood,,2/9/2024 8:35:00
Happy,"February 8, 2024 at 06:36PM",mood,,2/9/2024 8:36:00
Happy,"February 8, 2024 at 06:36PM",mood,,2/9/2024 8:36:00
Happy,"February 8, 2024 at 06:44PM",mood,,2/9/2024 8:44:00
Nervous,"February 08, 2024 at 07:31PM",mood,,2/9/2024 9:31:00
Happy,"February 08, 2024 at 08:18PM",mood,,2/9/2024 10:18:00
Neutral,"February 9, 2024 at 02:10AM",mood,,2/9/2024 16:10:00
Neutral,"February 9, 2024 at 02:34AM",mood,,2/9/2024 16:34:00
Happy,"February 9, 2024 at 02:53AM",mood,,2/9/2024 16:53:00
Happy,"February 9, 2024 at 03:54AM",mood,,2/9/2024 17:54:00
Nervous,"February 9, 2024 at 03:54AM",mood,,2/9/2024 17:54:00
Neutral,"February 09, 2024 at 04:48AM",mood,,2/9/2024 18:48:00
Neutral,"February 9, 2024 at 05:14AM",mood,,2/9/2024 19:14:00
Neutral,"February 09, 2024 at 08:45AM",mood,,2/9/2024 22:45:00
Neutral,"February 09, 2024 at 08:14PM",mood,,2/10/2024 10:14:00
Neutral,"February 9, 2024 at 09:28PM",mood,,2/10/2024 11:28:00
Nervous,"February 9, 2024 at 10:09PM",mood,,2/10/2024 12:09:00
Neutral,"February 10, 2024 at 01:22AM",mood,,2/10/2024 15:22:00
Neutral,"February 10, 2024 at 02:49AM",mood,,2/10/2024 16:49:00
Neutral,"February 10, 2024 at 05:08AM",mood,,2/10/2024 19:08:00
Neutral,"February 10, 2024 at 06:41AM",mood,,2/10/2024 20:41:00
Nervous,"February 10, 2024 at 07:21PM",mood,,2/11/2024 9:21:00
Neutral,"February 10, 2024 at 08:39PM",mood,,2/11/2024 10:39:00
Neutral,"February 10, 2024 at 09:24PM",mood,,2/11/2024 11:24:00
Happy,"February 10, 2024 at 11:19PM",mood,,2/11/2024 13:19:00
Happy,"February 10, 2024 at 11:20PM",mood,,2/11/2024 13:20:00
Happy,"February 10, 2024 at 11:55PM",mood,,2/11/2024 13:55:00
Happy,"February 11, 2024 at 12:55AM",mood,,2/11/2024 14:55:00
Happy,"February 11, 2024 at 01:50AM",mood,,2/11/2024 15:50:00
Neutral,"February 11, 2024 at 05:27AM",mood,,2/11/2024 19:27:00
Поход,"February 11, 2024 at 08:08AM",note,happy,2/11/2024 22:08:00
Nervous,"February 11, 2024 at 08:08AM",mood,,2/11/2024 22:08:00
Neutral,"February 11, 2024 at 05:59PM",mood,,2/12/2024 7:59:00
Nervous,"February 11, 2024 at 06:50PM",mood,,2/12/2024 8:50:00
Nervous,"February 11, 2024 at 07:54PM",mood,,2/12/2024 9:54:00
Neutral,"February 12, 2024 at 12:26AM",mood,,2/12/2024 14:26:00
Neutral,"February 12, 2024 at 12:42AM",mood,,2/12/2024 14:42:00
Happy,"February 12, 2024 at 02:02AM",mood,,2/12/2024 16:02:00
Neutral,"February 12, 2024 at 02:51AM",mood,,2/12/2024 16:51:00
Nervous,"February 12, 2024 at 03:58AM",mood,,2/12/2024 17:58:00
Neutral,"February 12, 2024 at 08:36AM",mood,,2/12/2024 22:36:00
Nervous,"February 12, 2024 at 06:04PM",mood,,2/13/2024 8:04:00
Neutral,"February 12, 2024 at 06:04PM",mood,,2/13/2024 8:04:00
Neutral,"February 12, 2024 at 08:08PM",mood,,2/13/2024 10:08:00
Nervous,"February 12, 2024 at 08:12PM",mood,,2/13/2024 10:12:00
Neutral,"February 12, 2024 at 11:35PM",mood,,2/13/2024 13:35:00
Neutral,"February 13, 2024 at 12:11AM",mood,,2/13/2024 14:11:00
Neutral,"February 13, 2024 at 02:09AM",mood,,2/13/2024 16:09:00
Neutral,"February 13, 2024 at 02:45AM",mood,,2/13/2024 16:45:00
Happy,"February 13, 2024 at 04:32AM",mood,,2/13/2024 18:32:00
Neutral,"February 13, 2024 at 08:28AM",mood,,2/13/2024 22:28:00
Happy,"February 13, 2024 at 06:35PM",mood,,2/14/2024 8:35:00
Neutral,"February 13, 2024 at 07:50PM",mood,,2/14/2024 9:50:00
Neutral,"February 13, 2024 at 09:28PM",mood,,2/14/2024 11:28:00
Nervous,"February 13, 2024 at 10:25PM",mood,,2/14/2024 12:25:00
Nervous,"February 14, 2024 at 12:29AM",mood,,2/14/2024 14:29:00
Happy,"February 14, 2024 at 02:16AM",mood,,2/14/2024 16:16:00
Nervous,"February 14, 2024 at 02:16AM",mood,,2/14/2024 16:16:00
Nervous,"February 14, 2024 at 02:58AM",mood,,2/14/2024 16:58:00
Neutral,"February 14, 2024 at 02:58AM",mood,,2/14/2024 16:58:00
Nervous,"February 14, 2024 at 03:10AM",mood,,2/14/2024 17:10:00
Neutral,"February 14, 2024 at 04:43AM",mood,,2/14/2024 18:43:00
Happy,"February 14, 2024 at 05:11AM",mood,,2/14/2024 19:11:00
Neutral,"February 14, 2024 at 06:13PM",mood,,2/15/2024 8:13:00
Neutral,"February 14, 2024 at 07:43PM",mood,,2/15/2024 9:43:00
Neutral,"February 15, 2024 at 01:42AM",mood,,2/15/2024 15:42:00
Neutral,"February 15, 2024 at 02:11AM",mood,,2/15/2024 16:11:00
Nervous,"February 15, 2024 at 03:00AM",mood,,2/15/2024 17:00:00
Neutral,"February 15, 2024 at 06:05PM",mood,,2/16/2024 8:05:00
Neutral,"February 15, 2024 at 08:54PM",mood,,2/16/2024 10:54:00
Happy,"February 15, 2024 at 11:03PM",mood,,2/16/2024 13:03:00
Чувство потока,"February 15, 2024 at 11:15PM",note,happy,2/16/2024 13:15:00
Happy,"February 15, 2024 at 11:15PM",mood,,2/16/2024 13:15:00
Nervous,"February 15, 2024 at 11:56PM",mood,,2/16/2024 13:56:00
Nervous,"February 16, 2024 at 03:45AM",mood,,2/16/2024 17:45:00
Neutral,"February 16, 2024 at 03:45AM",mood,,2/16/2024 17:45:00
Happy,"February 16, 2024 at 04:27AM",mood,,2/16/2024 18:27:00
Neutral,"February 16, 2024 at 04:27AM",mood,,2/16/2024 18:27:00
Neutral,"February 16, 2024 at 07:00AM",mood,,2/16/2024 21:00:00
Neutral,"February 16, 2024 at 06:46PM",mood,,2/17/2024 8:46:00
Nervous,"February 16, 2024 at 07:58PM",mood,,2/17/2024 9:58:00
Nervous,"February 17, 2024 at 06:17AM",mood,,2/17/2024 20:17:00
Nervous,"February 18, 2024 at 06:56PM",mood,,2/19/2024 8:56:00
Neutral,"February 18, 2024 at 10:14PM",mood,,2/19/2024 12:14:00
Neutral,"February 19, 2024 at 02:09AM",mood,,2/19/2024 16:09:00
Nervous,"February 19, 2024 at 02:09AM",mood,,2/19/2024 16:09:00
Neutral,"February 19, 2024 at 02:09AM",mood,,2/19/2024 16:09:00
Nervous,"February 19, 2024 at 06:47AM",mood,,2/19/2024 20:47:00
Болезнь,"February 19, 2024 at 06:47AM",note,nervous,2/19/2024 20:47:00
Neutral,"February 19, 2024 at 06:19PM",mood,,2/20/2024 8:19:00
Neutral,"February 20, 2024 at 06:22PM",mood,,2/21/2024 8:22:00
Neutral,"February 20, 2024 at 07:01PM",mood,,2/21/2024 9:01:00
Nervous,"February 20, 2024 at 08:52PM",mood,,2/21/2024 10:52:00
Neutral,"February 20, 2024 at 09:21PM",mood,,2/21/2024 11:21:00
Nervous,"February 20, 2024 at 11:28PM",mood,,2/21/2024 13:28:00
Neutral,"February 21, 2024 at 01:31AM",mood,,2/21/2024 15:31:00
Neutral,"February 21, 2024 at 02:13AM",mood,,2/21/2024 16:13:00
Neutral,"February 21, 2024 at 03:46AM",mood,,2/21/2024 17:46:00
Nervous,"February 21, 2024 at 03:46AM",mood,,2/21/2024 17:46:00
Neutral,"February 21, 2024 at 05:36AM",mood,,2/21/2024 19:36:00
Neutral,"February 21, 2024 at 06:31AM",mood,,2/21/2024 20:31:00
Neutral,"February 21, 2024 at 06:06PM",mood,,2/22/2024 8:06:00
Neutral,"February 21, 2024 at 09:28PM",mood,,2/22/2024 11:28:00
Happy,"February 21, 2024 at 11:45PM",mood,,2/22/2024 13:45:00
Neutral,"February 22, 2024 at 02:00AM",mood,,2/22/2024 16:00:00
Nervous,"February 22, 2024 at 02:27AM",mood,,2/22/2024 16:27:00
Neutral,"February 22, 2024 at 03:17AM",mood,,2/22/2024 17:17:00
Nervous,"February 22, 2024 at 03:35AM",mood,,2/22/2024 17:35:00
Happy,"February 22, 2024 at 03:36AM",mood,,2/22/2024 17:36:00
Neutral,"February 22, 2024 at 05:44AM",mood,,2/22/2024 19:44:00
Neutral,"February 22, 2024 at 08:48AM",mood,,2/22/2024 22:48:00
Neutral,"February 22, 2024 at 06:01PM",mood,,2/23/2024 8:01:00
Neutral,"February 22, 2024 at 07:00PM",mood,,2/23/2024 9:00:00
Neutral,"February 22, 2024 at 10:14PM",mood,,2/23/2024 12:14:00
Neutral,"February 22, 2024 at 10:31PM",mood,,2/23/2024 12:31:00
Nervous,"February 23, 2024 at 12:18AM",mood,,2/23/2024 14:18:00
Neutral,"February 23, 2024 at 01:24AM",mood,,2/23/2024 15:24:00
Neutral,"February 23, 2024 at 03:40AM",mood,,2/23/2024 17:40:00
Neutral,"February 23, 2024 at 03:52AM",mood,,2/23/2024 17:52:00
Neutral,"February 23, 2024 at 04:42AM",mood,,2/23/2024 18:42:00
Neutral,"February 23, 2024 at 06:08AM",mood,,2/23/2024 20:08:00
Happy,"February 23, 2024 at 07:07AM",mood,,2/23/2024 21:07:00
Nervous,"February 23, 2024 at 07:09AM",mood,,2/23/2024 21:09:00
Neutral,"February 23, 2024 at 07:54AM",mood,,2/23/2024 21:54:00
Neutral,"February 23, 2024 at 10:23PM",mood,,2/24/2024 12:23:00
Neutral,"February 24, 2024 at 01:43AM",mood,,2/24/2024 15:43:00
Neutral,"February 24, 2024 at 03:36AM",mood,,2/24/2024 17:36:00
Nervous,"February 24, 2024 at 09:39AM",mood,,2/24/2024 23:39:00
Neutral,"February 24, 2024 at 09:34PM",mood,,2/25/2024 11:34:00
Happy,"February 24, 2024 at 11:08PM",mood,,2/25/2024 13:08:00
Neutral,"February 25, 2024 at 01:01AM",mood,,2/25/2024 15:01:00
Neutral,"February 25, 2024 at 03:11AM",mood,,2/25/2024 17:11:00
Neutral,"February 25, 2024 at 05:12AM",mood,,2/25/2024 19:12:00
Neutral,"February 25, 2024 at 06:29PM",mood,,2/26/2024 8:29:00
Neutral,"February 25, 2024 at 06:44PM",mood,,2/26/2024 8:44:00
Happy,"February 25, 2024 at 09:26PM",mood,,2/26/2024 11:26:00
Happy,"February 25, 2024 at 10:50PM",mood,,2/26/2024 12:50:00
Neutral,"February 26, 2024 at 12:28AM",mood,,2/26/2024 14:28:00
Neutral,"February 26, 2024 at 12:36AM",mood,,2/26/2024 14:36:00
Nervous,"February 26, 2024 at 02:01AM",mood,,2/26/2024 16:01:00
Happy,"February 26, 2024 at 02:01AM",mood,,2/26/2024 16:01:00
Happy,"February 26, 2024 at 02:03AM",mood,,2/26/2024 16:03:00
Neutral,"February 26, 2024 at 02:03AM",mood,,2/26/2024 16:03:00
Nervous,"February 26, 2024 at 02:13AM",mood,,2/26/2024 16:13:00
Nervous,"February 26, 2024 at 02:14AM",mood,,2/26/2024 16:14:00
Neutral,"February 26, 2024 at 04:46AM",mood,,2/26/2024 18:46:00
Nervous,"February 26, 2024 at 04:46AM",mood,,2/26/2024 18:46:00
Neutral,"February 26, 2024 at 05:55PM",mood,,2/27/2024 7:55:00
Neutral,"February 26, 2024 at 06:10PM",mood,,2/27/2024 8:10:00
Neutral,"February 26, 2024 at 09:14PM",mood,,2/27/2024 11:14:00
Neutral,"February 26, 2024 at 11:47PM",mood,,2/27/2024 13:47:00
Neutral,"February 27, 2024 at 12:43AM",mood,,2/27/2024 14:43:00
Happy,"February 27, 2024 at 12:43AM",mood,,2/27/2024 14:43:00
Neutral,"February 27, 2024 at 01:40AM",mood,,2/27/2024 15:40:00
Neutral,"February 27, 2024 at 03:32AM",mood,,2/27/2024 17:32:00
Neutral,"February 27, 2024 at 05:49AM",mood,,2/27/2024 19:49:00
Neutral,"February 27, 2024 at 08:15AM",mood,,2/27/2024 22:15:00
Nervous,"February 27, 2024 at 06:19PM",mood,,2/28/2024 8:19:00
Nervous,"February 27, 2024 at 07:07PM",mood,,2/28/2024 9:07:00
Neutral,"February 27, 2024 at 09:08PM",mood,,2/28/2024 11:08:00
Nervous,"February 27, 2024 at 11:07PM",mood,,2/28/2024 13:07:00
Neutral,"February 27, 2024 at 11:07PM",mood,,2/28/2024 13:07:00
Nervous,"February 28, 2024 at 05:24AM",mood,,2/28/2024 19:24:00
Neutral,"February 28, 2024 at 05:24AM",mood,,2/28/2024 19:24:00
Neutral,"February 28, 2024 at 05:24AM",mood,,2/28/2024 19:24:00
Nervous,"February 28, 2024 at 06:06PM",mood,,2/29/2024 8:06:00
Neutral,"February 28, 2024 at 07:29PM",mood,,2/29/2024 9:29:00
Neutral,"February 28, 2024 at 08:17PM",mood,,2/29/2024 10:17:00
Neutral,"February 28, 2024 at 08:17PM",mood,,2/29/2024 10:17:00
Nervous,"February 28, 2024 at 10:56PM",mood,,2/29/2024 12:56:00
Nervous,"February 29, 2024 at 01:11AM",mood,,2/29/2024 15:11:00
Neutral,"February 29, 2024 at 01:11AM",mood,,2/29/2024 15:11:00
Nervous,"February 29, 2024 at 01:21AM",mood,,2/29/2024 15:21:00
Nervous,"February 29, 2024 at 01:26AM",mood,,2/29/2024 15:26:00
Happy,"February 29, 2024 at 01:49AM",mood,,2/29/2024 15:49:00
Nervous,"February 29, 2024 at 01:50AM",mood,,2/29/2024 15:50:00
Neutral,"February 29, 2024 at 01:50AM",mood,,2/29/2024 15:50:00
Neutral,"February 29, 2024 at 01:50AM",mood,,2/29/2024 15:50:00
Nervous,"February 29, 2024 at 04:25AM",mood,,2/29/2024 18:25:00
Nervous,"February 29, 2024 at 06:21AM",mood,,2/29/2024 20:21:00
Nervous,"February 29, 2024 at 09:19PM",mood,,3/1/2024 11:19:00
Neutral,"February 29, 2024 at 09:19PM",mood,,3/1/2024 11:19:00
Neutral,"February 29, 2024 at 09:19PM",mood,,3/1/2024 11:19:00
Neutral,"February 29, 2024 at 11:20PM",mood,,3/1/2024 13:20:00
Neutral,"March 01, 2024 at 04:11AM",mood,,3/1/2024 18:11:00
Nervous,"March 1, 2024 at 05:38AM",mood,,3/1/2024 19:38:00
Nervous,"March 1, 2024 at 07:15AM",mood,,3/1/2024 21:15:00
Nervous,"March 1, 2024 at 07:15AM",mood,,3/1/2024 21:15:00
Neutral,"March 1, 2024 at 07:46AM",mood,,3/1/2024 21:46:00
Neutral,"March 01, 2024 at 01:36PM",mood,,3/2/2024 3:36:00
Nervous,"March 1, 2024 at 03:50PM",mood,,3/2/2024 5:50:00
Neutral,"March 1, 2024 at 03:50PM",mood,,3/2/2024 5:50:00
Neutral,"March 1, 2024 at 10:50PM",mood,,3/2/2024 12:50:00
Neutral,"March 2, 2024 at 04:55AM",mood,,3/2/2024 18:55:00
Happy,"March 02, 2024 at 08:36AM",mood,,3/2/2024 22:36:00
Neutral,"March 02, 2024 at 10:28PM",mood,,3/3/2024 12:28:00
Neutral,"March 02, 2024 at 10:28PM",mood,,3/3/2024 12:28:00
Neutral,"March 3, 2024 at 01:32AM",mood,,3/3/2024 15:32:00
Neutral,"March 3, 2024 at 02:27AM",mood,,3/3/2024 16:27:00
Neutral,"March 3, 2024 at 03:32AM",mood,,3/3/2024 17:32:00
Nervous,"March 4, 2024 at 03:40AM",mood,,3/4/2024 17:40:00
Happy,"March 4, 2024 at 03:40AM",mood,,3/4/2024 17:40:00
Neutral,"March 4, 2024 at 03:40AM",mood,,3/4/2024 17:40:00
Nervous,"March 4, 2024 at 07:50AM",mood,,3/4/2024 21:50:00
Nervous,"March 4, 2024 at 07:57AM",mood,,3/4/2024 21:57:00
Nervous,"March 04, 2024 at 08:16AM",mood,,3/4/2024 22:16:00
Neutral,"March 04, 2024 at 08:16AM",mood,,3/4/2024 22:16:00
Nervous,"March 04, 2024 at 08:16AM",mood,,3/4/2024 22:16:00
Nervous,"March 04, 2024 at 08:16AM",mood,,3/4/2024 22:16:00
Nervous,"March 04, 2024 at 09:20AM",mood,,3/4/2024 23:20:00
Neutral,"March 8, 2024 at 08:07PM",mood,,3/9/2024 10:07:00
Neutral,"March 8, 2024 at 11:04PM",mood,,3/9/2024 13:04:00
Neutral,"March 9, 2024 at 02:23AM",mood,,3/9/2024 16:23:00
Neutral,"March 09, 2024 at 06:15AM",mood,,3/9/2024 20:15:00
Nervous,"March 09, 2024 at 06:15AM",mood,,3/9/2024 20:15:00
Happy,"March 09, 2024 at 07:15PM",mood,,3/10/2024 9:15:00
Neutral,"March 09, 2024 at 07:15PM",mood,,3/10/2024 9:15:00
Neutral,"March 09, 2024 at 08:38PM",mood,,3/10/2024 10:38:00
Happy,"March 10, 2024 at 01:15AM",mood,,3/10/2024 15:15:00
Neutral,"March 10, 2024 at 06:55AM",mood,,3/10/2024 20:55:00
Neutral,"March 10, 2024 at 05:55PM",mood,,3/11/2024 7:55:00
Neutral,"March 10, 2024 at 09:10PM",mood,,3/11/2024 11:10:00
Neutral,"March 10, 2024 at 10:26PM",mood,,3/11/2024 12:26:00
Neutral,"March 11, 2024 at 12:51AM",mood,,3/11/2024 14:51:00
Neutral,"March 11, 2024 at 01:39AM",mood,,3/11/2024 15:39:00
Neutral,"March 11, 2024 at 02:14AM",mood,,3/11/2024 16:14:00
Nervous,"March 11, 2024 at 02:14AM",mood,,3/11/2024 16:14:00
Nervous,"March 11, 2024 at 02:31AM",mood,,3/11/2024 16:31:00
Neutral,"March 11, 2024 at 04:42AM",mood,,3/11/2024 18:42:00
Neutral,"March 11, 2024 at 05:46AM",mood,,3/11/2024 19:46:00
Happy,"March 11, 2024 at 07:14AM",mood,,3/11/2024 21:14:00
Nervous,"March 11, 2024 at 06:13PM",mood,,3/12/2024 8:13:00
Neutral,"March 11, 2024 at 07:24PM",mood,,3/12/2024 9:24:00
Neutral,"March 11, 2024 at 07:46PM",mood,,3/12/2024 9:46:00
Neutral,"March 11, 2024 at 08:37PM",mood,,3/12/2024 10:37:00
Neutral,"March 11, 2024 at 09:15PM",mood,,3/12/2024 11:15:00
Neutral,"March 11, 2024 at 10:26PM",mood,,3/12/2024 12:26:00
Neutral,"March 11, 2024 at 10:54PM",mood,,3/12/2024 12:54:00
Nervous,"March 12, 2024 at 12:06AM",mood,,3/12/2024 14:06:00
Neutral,"March 12, 2024 at 01:20AM",mood,,3/12/2024 15:20:00
Neutral,"March 12, 2024 at 02:08AM",mood,,3/12/2024 16:08:00
Nervous,"March 12, 2024 at 03:38AM",mood,,3/12/2024 17:38:00
Neutral,"March 12, 2024 at 04:23AM",mood,,3/12/2024 18:23:00
Happy,"March 12, 2024 at 09:08AM",mood,,3/12/2024 23:08:00
Neutral,"March 12, 2024 at 06:00PM",mood,,3/13/2024 8:00:00
Neutral,"March 12, 2024 at 09:38PM",mood,,3/13/2024 11:38:00
Neutral,"March 13, 2024 at 12:04AM",mood,,3/13/2024 14:04:00
Neutral,"March 13, 2024 at 12:16AM",mood,,3/13/2024 14:16:00
Nervous,"March 13, 2024 at 12:19AM",mood,,3/13/2024 14:19:00
Neutral,"March 13, 2024 at 02:24AM",mood,,3/13/2024 16:24:00
Happy,"March 13, 2024 at 05:04AM",mood,,3/13/2024 19:04:00
Neutral,"March 13, 2024 at 05:53AM",mood,,3/13/2024 19:53:00
Happy,"March 13, 2024 at 07:37AM",mood,,3/13/2024 21:37:00
Happy,"March 13, 2024 at 07:37AM",mood,,3/13/2024 21:37:00
Happy,"March 13, 2024 at 08:14AM",mood,,3/13/2024 22:14:00
Neutral,"March 13, 2024 at 06:12PM",mood,,3/14/2024 8:12:00
Neutral,"March 13, 2024 at 06:58PM",mood,,3/14/2024 8:58:00
Neutral,"March 13, 2024 at 10:43PM",mood,,3/14/2024 12:43:00
Nervous,"March 14, 2024 at 12:33AM",mood,,3/14/2024 14:33:00
Neutral,"March 14, 2024 at 12:33AM",mood,,3/14/2024 14:33:00
Neutral,"March 14, 2024 at 02:13AM",mood,,3/14/2024 16:13:00
Neutral,"March 14, 2024 at 02:17AM",mood,,3/14/2024 16:17:00
Neutral,"March 14, 2024 at 04:16AM",mood,,3/14/2024 18:16:00
Happy,"March 14, 2024 at 07:23AM",mood,,3/14/2024 21:23:00
Happy,"March 14, 2024 at 07:23AM",mood,,3/14/2024 21:23:00
Концерт,"March 14, 2024 at 07:23AM",note,happy,3/14/2024 21:23:00
Happy,"March 14, 2024 at 07:23AM",mood,,3/14/2024 21:23:00
Happy,"March 14, 2024 at 08:45AM",mood,,3/14/2024 22:45:00
Neutral,"March 14, 2024 at 06:06PM",mood,,3/15/2024 8:06:00
Neutral,"March 14, 2024 at 08:29PM",mood,,3/15/2024 10:29:00
Neutral,"March 14, 2024 at 11:06PM",mood,,3/15/2024 13:06:00
Neutral,"March 14, 2024 at 11:50PM",mood,,3/15/2024 13:50:00
Neutral,"March 15, 2024 at 12:01AM",mood,,3/15/2024 14:01:00
Happy,"March 15, 2024 at 02:13AM",mood,,3/15/2024 16:13:00
Happy,"March 15, 2024 at 05:43AM",mood,,3/15/2024 19:43:00
Neutral,"March 15, 2024 at 06:02AM",mood,,3/15/2024 20:02:00
Neutral,"March 15, 2024 at 07:53AM",mood,,3/15/2024 21:53:00
Neutral,"March 15, 2024 at 11:30PM",mood,,3/16/2024 13:30:00
Nervous,"March 15, 2024 at 11:30PM",mood,,3/16/2024 13:30:00
Neutral,"March 16, 2024 at 02:29AM",mood,,3/16/2024 16:29:00
Nervous,"March 16, 2024 at 04:07AM",mood,,3/16/2024 18:07:00
Neutral,"March 16, 2024 at 04:07AM",mood,,3/16/2024 18:07:00
Nervous,"March 16, 2024 at 04:07AM",mood,,3/16/2024 18:07:00
Nervous,"March 16, 2024 at 04:12AM",mood,,3/16/2024 18:12:00
Neutral,"March 16, 2024 at 04:12AM",mood,,3/16/2024 18:12:00
Nervous,"March 16, 2024 at 04:12AM",mood,,3/16/2024 18:12:00
Neutral,"March 16, 2024 at 04:12AM",mood,,3/16/2024 18:12:00
Nervous,"March 16, 2024 at 07:06AM",mood,,3/16/2024 21:06:00
Neutral,"March 16, 2024 at 10:02AM",mood,,3/17/2024 0:02:00
Nervous,"March 16, 2024 at 07:29PM",mood,,3/17/2024 9:29:00
Neutral,"March 16, 2024 at 10:23PM",mood,,3/17/2024 12:23:00
Happy,"March 16, 2024 at 11:19PM",mood,,3/17/2024 13:19:00
Nervous,"March 17, 2024 at 04:27AM",mood,,3/17/2024 18:27:00
Nervous,"March 17, 2024 at 06:15AM",mood,,3/17/2024 20:15:00
Neutral,"March 17, 2024 at 06:08PM",mood,,3/18/2024 8:08:00
Neutral,"March 17, 2024 at 09:07PM",mood,,3/18/2024 11:07:00
Neutral,"March 17, 2024 at 10:22PM",mood,,3/18/2024 12:22:00
Neutral,"March 18, 2024 at 01:35AM",mood,,3/18/2024 15:35:00
Nervous,"March 18, 2024 at 02:47AM",mood,,3/18/2024 16:47:00
Neutral,"March 18, 2024 at 03:40AM",mood,,3/18/2024 17:40:00
Nervous,"March 18, 2024 at 08:23AM",mood,,3/18/2024 22:23:00
Neutral,"March 18, 2024 at 08:23AM",mood,,3/18/2024 22:23:00
Neutral,"March 18, 2024 at 07:50PM",mood,,3/19/2024 9:50:00
Neutral,"March 18, 2024 at 11:15PM",mood,,3/19/2024 13:15:00
Nervous,"March 19, 2024 at 12:01AM",mood,,3/19/2024 14:01:00
Neutral,"March 19, 2024 at 01:02AM",mood,,3/19/2024 15:02:00
Neutral,"March 19, 2024 at 01:49AM",mood,,3/19/2024 15:49:00
Neutral,"March 19, 2024 at 03:14AM",mood,,3/19/2024 17:14:00
Nervous,"March 19, 2024 at 03:14AM",mood,,3/19/2024 17:14:00
Neutral,"March 19, 2024 at 05:28AM",mood,,3/19/2024 19:28:00
Neutral,"March 19, 2024 at 06:18AM",mood,,3/19/2024 20:18:00
Neutral,"March 19, 2024 at 07:29PM",mood,,3/20/2024 9:29:00
Neutral,"March 19, 2024 at 08:52PM",mood,,3/20/2024 10:52:00
Happy,"March 19, 2024 at 11:43PM",mood,,3/20/2024 13:43:00
Happy,"March 20, 2024 at 02:58AM",mood,,3/20/2024 16:58:00
Happy,"March 20, 2024 at 02:59AM",mood,,3/20/2024 16:59:00
Nervous,"March 20, 2024 at 05:00AM",mood,,3/20/2024 19:00:00
Happy,"March 20, 2024 at 05:00AM",mood,,3/20/2024 19:00:00
Neutral,"March 20, 2024 at 05:14AM",mood,,3/20/2024 19:14:00
Happy,"March 20, 2024 at 06:31AM",mood,,3/20/2024 20:31:00
Neutral,"March 20, 2024 at 08:00AM",mood,,3/20/2024 22:00:00
Neutral,"March 20, 2024 at 06:08PM",mood,,3/21/2024 8:08:00
Neutral,"March 20, 2024 at 08:56PM",mood,,3/21/2024 10:56:00
Neutral,"March 21, 2024 at 12:16AM",mood,,3/21/2024 14:16:00
Neutral,"March 21, 2024 at 01:13AM",mood,,3/21/2024 15:13:00
Neutral,"March 21, 2024 at 03:16AM",mood,,3/21/2024 17:16:00
Neutral,"March 21, 2024 at 07:25PM",mood,,3/22/2024 9:25:00
Neutral,"March 21, 2024 at 08:14PM",mood,,3/22/2024 10:14:00
Nervous,"March 22, 2024 at 12:41AM",mood,,3/22/2024 14:41:00
Happy,"March 22, 2024 at 02:16AM",mood,,3/22/2024 16:16:00
Neutral,"March 22, 2024 at 04:00AM",mood,,3/22/2024 18:00:00
Neutral,"March 22, 2024 at 06:06AM",mood,,3/22/2024 20:06:00
Neutral,"March 23, 2024 at 02:52AM",mood,,3/23/2024 16:52:00
Nervous,"March 23, 2024 at 03:45AM",mood,,3/23/2024 17:45:00
Nervous,"March 23, 2024 at 04:32AM",mood,,3/23/2024 18:32:00
Happy,"March 23, 2024 at 05:04AM",mood,,3/23/2024 19:04:00
Neutral,"March 23, 2024 at 07:27PM",mood,,3/24/2024 9:27:00
Nervous,"March 24, 2024 at 12:43AM",mood,,3/24/2024 14:43:00
Neutral,"March 24, 2024 at 12:43AM",mood,,3/24/2024 14:43:00
Neutral,"March 24, 2024 at 12:44AM",mood,,3/24/2024 14:44:00
Neutral,"March 24, 2024 at 07:15PM",mood,,3/25/2024 9:15:00
Neutral,"March 24, 2024 at 07:27PM",mood,,3/25/2024 9:27:00
Neutral,"March 25, 2024 at 01:55AM",mood,,3/25/2024 15:55:00
Neutral,"March 25, 2024 at 03:20AM",mood,,3/25/2024 17:20:00
Neutral,"March 25, 2024 at 06:11PM",mood,,3/26/2024 8:11:00
Neutral,"March 25, 2024 at 08:06PM",mood,,3/26/2024 10:06:00
Neutral,"March 25, 2024 at 09:16PM",mood,,3/26/2024 11:16:00
Neutral,"March 25, 2024 at 11:36PM",mood,,3/26/2024 13:36:00
Neutral,"March 26, 2024 at 12:18AM",mood,,3/26/2024 14:18:00
Nervous,"March 26, 2024 at 02:03AM",mood,,3/26/2024 16:03:00
Neutral,"March 26, 2024 at 03:54AM",mood,,3/26/2024 17:54:00
Neutral,"March 26, 2024 at 05:29AM",mood,,3/26/2024 19:29:00
Neutral,"March 26, 2024 at 06:08PM",mood,,3/27/2024 8:08:00
Nervous,"March 26, 2024 at 07:12PM",mood,,3/27/2024 9:12:00
Neutral,"March 26, 2024 at 11:13PM",mood,,3/27/2024 13:13:00
Neutral,"March 26, 2024 at 11:13PM",mood,,3/27/2024 13:13:00
Nervous,"March 26, 2024 at 11:13PM",mood,,3/27/2024 13:13:00
Neutral,"March 26, 2024 at 11:13PM",mood,,3/27/2024 13:13:00
Neutral,"March 26, 2024 at 11:13PM",mood,,3/27/2024 13:13:00
Neutral,"March 27, 2024 at 02:06AM",mood,,3/27/2024 16:06:00
Nervous,"March 27, 2024 at 02:06AM",mood,,3/27/2024 16:06:00
Neutral,"March 27, 2024 at 02:31AM",mood,,3/27/2024 16:31:00
Neutral,"March 27, 2024 at 05:04AM",mood,,3/27/2024 19:04:00
Neutral,"March 27, 2024 at 05:55AM",mood,,3/27/2024 19:55:00
Nervous,"March 27, 2024 at 06:19AM",mood,,3/27/2024 20:19:00
Neutral,"March 27, 2024 at 06:19AM",mood,,3/27/2024 20:19:00
Happy,"March 27, 2024 at 06:44AM",mood,,3/27/2024 20:44:00
Neutral,"March 27, 2024 at 08:05AM",mood,,3/27/2024 22:05:00
Nervous,"March 27, 2024 at 08:33AM",mood,,3/27/2024 22:33:00
Nervous,"March 27, 2024 at 07:16PM",mood,,3/28/2024 9:16:00
Neutral,"March 28, 2024 at 12:17AM",mood,,3/28/2024 14:17:00
Neutral,"March 28, 2024 at 02:14AM",mood,,3/28/2024 16:14:00